Datum;Erster;Hoch;Tief;Schlusskurs;Stuecke;Volumen
11.10.2019;60,9378;60,9378;60,9378;60,9378;;
10.10.2019;60,1189;60,1189;60,1189;60,1189;;
09.10.2019;59,7625;59,7625;59,7625;59,7625;;
08.10.2019;59,3767;59,3767;59,3767;59,3767;;
07.10.2019;60,1496;60,1496;60,1496;60,1496;;
04.10.2019;60,2048;60,2048;60,2048;60,2048;;
02.10.2019;59,2912;59,2912;59,2912;59,2912;;
01.10.2019;60,3242;60,3242;60,3242;60,3242;;
30.09.2019;60,9249;60,9249;60,9249;60,9249;;
27.09.2019;60,7971;60,7971;60,7971;60,7971;;
26.09.2019;60,9678;60,9678;60,9678;60,9678;;
25.09.2019;60,9957;60,9957;60,9957;60,9957;;
24.09.2019;60,9261;60,9261;60,9261;60,9261;;
20.09.2019;61,3541;61,3541;61,3541;61,3541;;
19.09.2019;61,5517;61,5517;61,5517;61,5517;;
18.09.2019;61,4473;61,4473;61,4473;61,4473;;
17.09.2019;61,4668;61,4668;61,4668;61,4668;;
13.09.2019;61,5776;61,5776;61,5776;61,5776;;
12.09.2019;61,4581;61,4581;61,4581;61,4581;;
11.09.2019;61,2466;61,2466;61,2466;61,2466;;
10.09.2019;60,8261;60,8261;60,8261;60,8261;;
09.09.2019;60,7953;60,7953;60,7953;60,7953;;
06.09.2019;60,8057;60,8057;60,8057;60,8057;;
05.09.2019;60,6746;60,6746;60,6746;60,6746;;
04.09.2019;59,9765;59,9765;59,9765;59,9765;;
03.09.2019;59,3355;59,3355;59,3355;59,3355;;
30.08.2019;59,653;59,653;59,653;59,653;;
29.08.2019;59,4959;59,4959;59,4959;59,4959;;
28.08.2019;58,8986;58,8986;58,8986;58,8986;;
27.08.2019;58,6991;58,6991;58,6991;58,6991;;
26.08.2019;58,7071;58,7071;58,7071;58,7071;;
23.08.2019;58,4078;58,4078;58,4078;58,4078;;
22.08.2019;59,439;59,439;59,439;59,439;;
21.08.2019;59,541;59,541;59,541;59,541;;
20.08.2019;59,0941;59,0941;59,0941;59,0941;;
19.08.2019;59,5409;59,5409;59,5409;59,5409;;
16.08.2019;58,8864;58,8864;58,8864;58,8864;;
14.08.2019;58,2424;58,2424;58,2424;58,2424;;
13.08.2019;59,5761;59,5761;59,5761;59,5761;;
09.08.2019;59,5932;59,5932;59,5932;59,5932;;
08.08.2019;59,91;59,91;59,91;59,91;;
07.08.2019;58,9639;58,9639;58,9639;58,9639;;
06.08.2019;58,8315;58,8315;58,8315;58,8315;;
05.08.2019;58,4981;58,4981;58,4981;58,4981;;
02.08.2019;59,9638;59,9638;59,9638;59,9638;;
01.08.2019;60,6077;60,6077;60,6077;60,6077;;
31.07.2019;61,0055;61,0055;61,0055;61,0055;;
30.07.2019;61,4451;61,4451;61,4451;61,4451;;
29.07.2019;61,6953;61,6953;61,6953;61,6953;;
26.07.2019;61,7881;61,7881;61,7881;61,7881;;
25.07.2019;61,5375;61,5375;61,5375;61,5375;;
24.07.2019;61,8374;61,8374;61,8374;61,8374;;
23.07.2019;61,6076;61,6076;61,6076;61,6076;;
22.07.2019;61,275;61,275;61,275;61,275;;
19.07.2019;61,1875;61,1875;61,1875;61,1875;;
18.07.2019;61,2919;61,2919;61,2919;61,2919;;
17.07.2019;61,2764;61,2764;61,2764;61,2764;;
16.07.2019;61,5589;61,5589;61,5589;61,5589;;
12.07.2019;61,6851;61,6851;61,6851;61,6851;;
11.07.2019;61,4792;61,4792;61,4792;61,4792;;
10.07.2019;61,3614;61,3614;61,3614;61,3614;;
09.07.2019;61,1521;61,1521;61,1521;61,1521;;
08.07.2019;61,1703;61,1703;61,1703;61,1703;;
05.07.2019;61,4743;61,4743;61,4743;61,4743;;
03.07.2019;61,6874;61,6874;61,6874;61,6874;;
02.07.2019;61,2679;61,2679;61,2679;61,2679;;
01.07.2019;61,0909;61,0909;61,0909;61,0909;;
28.06.2019;60,7032;60,7032;60,7032;60,7032;;
27.06.2019;60,3697;60,3697;60,3697;60,3697;;
26.06.2019;60,1157;60,1157;60,1157;60,1157;;
25.06.2019;60,2576;60,2576;60,2576;60,2576;;
24.06.2019;60,6587;60,6587;60,6587;60,6587;;
21.06.2019;60,6562;60,6562;60,6562;60,6562;;
19.06.2019;60,1892;60,1892;60,1892;60,1892;;
18.06.2019;59,8902;59,8902;59,8902;59,8902;;
17.06.2019;59,3287;59,3287;59,3287;59,3287;;
14.06.2019;59,3301;59,3301;59,3301;59,3301;;
13.06.2019;59,4934;59,4934;59,4934;59,4934;;
12.06.2019;59,4115;59,4115;59,4115;59,4115;;
11.06.2019;59,559;59,559;59,559;59,559;;
07.06.2019;59,196;59,196;59,196;59,196;;
06.06.2019;58,5611;58,5611;58,5611;58,5611;;
05.06.2019;58,3187;58,3187;58,3187;58,3187;;
04.06.2019;57,8048;57,8048;57,8048;57,8048;;
03.06.2019;56,8997;56,8997;56,8997;56,8997;;
31.05.2019;56,9304;56,9304;56,9304;56,9304;;
29.05.2019;57,4327;57,4327;57,4327;57,4327;;
28.05.2019;57,9761;57,9761;57,9761;57,9761;;
24.05.2019;58,2617;58,2617;58,2617;58,2617;;
23.05.2019;58,0456;58,0456;58,0456;58,0456;;
22.05.2019;58,7125;58,7125;58,7125;58,7125;;
21.05.2019;58,874;58,874;58,874;58,874;;
20.05.2019;58,5017;58,5017;58,5017;58,5017;;
17.05.2019;58,8161;58,8161;58,8161;58,8161;;
16.05.2019;59,0749;59,0749;59,0749;59,0749;;
15.05.2019;58,6142;58,6142;58,6142;58,6142;;
14.05.2019;58,2834;58,2834;58,2834;58,2834;;
13.05.2019;57,9337;57,9337;57,9337;57,9337;;
10.05.2019;59,032;59,032;59,032;59,032;;
08.05.2019;59,151;59,151;59,151;59,151;;
07.05.2019;59,2477;59,2477;59,2477;59,2477;;
26.04.2019;60,2571;60,2571;60,2571;60,2571;;
25.04.2019;60,0172;60,0172;60,0172;60,0172;;
24.04.2019;60,1044;60,1044;60,1044;60,1044;;
23.04.2019;60,2568;60,2568;60,2568;60,2568;;
18.04.2019;59,8542;59,8542;59,8542;59,8542;;
17.04.2019;59,8713;59,8713;59,8713;59,8713;;
16.04.2019;59,9274;59,9274;59,9274;59,9274;;
15.04.2019;59,8724;59,8724;59,8724;59,8724;;
12.04.2019;59,8136;59,8136;59,8136;59,8136;;
11.04.2019;59,4821;59,4821;59,4821;59,4821;;
10.04.2019;59,4867;59,4867;59,4867;59,4867;;
09.04.2019;59,3493;59,3493;59,3493;59,3493;;
08.04.2019;59,6079;59,6079;59,6079;59,6079;;
05.04.2019;59,5209;59,5209;59,5209;59,5209;;
04.04.2019;59,3197;59,3197;59,3197;59,3197;;
03.04.2019;59,313;59,313;59,313;59,313;;
02.04.2019;58,9993;58,9993;58,9993;58,9993;;
01.04.2019;58,9993;58,9993;58,9993;58,9993;;
29.03.2019;58,3312;58,3312;58,3312;58,3312;;
28.03.2019;57,9734;57,9734;57,9734;57,9734;;
27.03.2019;57,931;57,931;57,931;57,931;;
26.03.2019;58,1208;58,1208;58,1208;58,1208;;
25.03.2019;57,6898;57,6898;57,6898;57,6898;;
22.03.2019;57,9011;57,9011;57,9011;57,9011;;
20.03.2019;58,367;58,367;58,367;58,367;;
19.03.2019;58,5972;58,5972;58,5972;58,5972;;
18.03.2019;58,5255;58,5255;58,5255;58,5255;;
15.03.2019;58,2721;58,2721;58,2721;58,2721;;
14.03.2019;57,9236;57,9236;57,9236;57,9236;;
13.03.2019;57,8926;57,8926;57,8926;57,8926;;
12.03.2019;57,551;57,551;57,551;57,551;;
11.03.2019;57,3075;57,3075;57,3075;57,3075;;
08.03.2019;56,6568;56,6568;56,6568;56,6568;;
07.03.2019;56,9378;56,9378;56,9378;56,9378;;
06.03.2019;57,3784;57,3784;57,3784;57,3784;;
05.03.2019;57,6107;57,6107;57,6107;57,6107;;
04.03.2019;57,683;57,683;57,683;57,683;;
01.03.2019;57,8328;57,8328;57,8328;57,8328;;
28.02.2019;57,54;57,54;57,54;57,54;;
27.02.2019;57,6974;57,6974;57,6974;57,6974;;
26.02.2019;57,6805;57,6805;57,6805;57,6805;;
25.02.2019;57,6802;57,6802;57,6802;57,6802;;
22.02.2019;57,5424;57,5424;57,5424;57,5424;;
21.02.2019;57,2768;57,2768;57,2768;57,2768;;
20.02.2019;57,4359;57,4359;57,4359;57,4359;;
19.02.2019;57,2176;57,2176;57,2176;57,2176;;
15.02.2019;56,9578;56,9578;56,9578;56,9578;;
14.02.2019;56,4317;56,4317;56,4317;56,4317;;
13.02.2019;56,5553;56,5553;56,5553;56,5553;;
12.02.2019;56,3383;56,3383;56,3383;56,3383;;
08.02.2019;55,6591;55,6591;55,6591;55,6591;;
07.02.2019;55,8263;55,8263;55,8263;55,8263;;
06.02.2019;56,3783;56,3783;56,3783;56,3783;;
05.02.2019;56,4925;56,4925;56,4925;56,4925;;
04.02.2019;56,1177;56,1177;56,1177;56,1177;;
01.02.2019;55,8906;55,8906;55,8906;55,8906;;
31.01.2019;55,8583;55,8583;55,8583;55,8583;;
30.01.2019;55,3653;55,3653;55,3653;55,3653;;
29.01.2019;54,7723;54,7723;54,7723;54,7723;;
28.01.2019;54,7601;54,7601;54,7601;54,7601;;
25.01.2019;55,1087;55,1087;55,1087;55,1087;;
24.01.2019;54,595;54,595;54,595;54,595;;
23.01.2019;54,5092;54,5092;54,5092;54,5092;;
22.01.2019;54,4716;54,4716;54,4716;54,4716;;
18.01.2019;55,0722;55,0722;55,0722;55,0722;;
17.01.2019;54,3792;54,3792;54,3792;54,3792;;
16.01.2019;54,1252;54,1252;54,1252;54,1252;;
15.01.2019;54,0448;54,0448;54,0448;54,0448;;
11.01.2019;53,8623;53,8623;53,8623;53,8623;;
10.01.2019;53,8766;53,8766;53,8766;53,8766;;
09.01.2019;53,6843;53,6843;53,6843;53,6843;;
08.01.2019;53,2579;53,2579;53,2579;53,2579;;
07.01.2019;52,8161;52,8161;52,8161;52,8161;;
04.01.2019;52,3868;52,3868;52,3868;52,3868;;
28.12.2018;51,4578;51,4578;51,4578;51,4578;;
27.12.2018;51,218;51,218;51,218;51,218;;
21.12.2018;50,4487;50,4487;50,4487;50,4487;;
20.12.2018;51,2155;51,2155;51,2155;51,2155;;
19.12.2018;52,0349;52,0349;52,0349;52,0349;;
18.12.2018;52,4597;52,4597;52,4597;52,4597;;
17.12.2018;52,6241;52,6241;52,6241;52,6241;;
14.12.2018;53,3974;53,3974;53,3974;53,3974;;
13.12.2018;54,27;54,27;54,27;54,27;;
12.12.2018;54,3024;54,3024;54,3024;54,3024;;
11.12.2018;53,7183;53,7183;53,7183;53,7183;;
10.12.2018;53,6675;53,6675;53,6675;53,6675;;
07.12.2018;54,009;54,009;54,009;54,009;;
06.12.2018;54,707;54,707;54,707;54,707;;
04.12.2018;55,4144;55,4144;55,4144;55,4144;;
03.12.2018;56,7766;56,7766;56,7766;56,7766;;
30.11.2018;56,0824;56,0824;56,0824;56,0824;;
29.11.2018;55,9;55,9;55,9;55,9;;
28.11.2018;55,7523;55,7523;55,7523;55,7523;;
27.11.2018;54,9343;54,9343;54,9343;54,9343;;
26.11.2018;54,9081;54,9081;54,9081;54,9081;;
21.11.2018;54,5011;54,5011;54,5011;54,5011;;
20.11.2018;54,2836;54,2836;54,2836;54,2836;;
19.11.2018;55,1794;55,1794;55,1794;55,1794;;
16.11.2018;55,7858;55,7858;55,7858;55,7858;;
15.11.2018;55,6339;55,6339;55,6339;55,6339;;
14.11.2018;55,3127;55,3127;55,3127;55,3127;;
13.11.2018;55,6195;55,6195;55,6195;55,6195;;
09.11.2018;56,6153;56,6153;56,6153;56,6153;;
08.11.2018;57,141;57,141;57,141;57,141;;
07.11.2018;57,1747;57,1747;57,1747;57,1747;;
06.11.2018;56,2544;56,2544;56,2544;56,2544;;
05.11.2018;55,9713;55,9713;55,9713;55,9713;;
02.11.2018;55,8615;55,8615;55,8615;55,8615;;
31.10.2018;55,4528;55,4528;55,4528;55,4528;;
30.10.2018;54,7706;54,7706;54,7706;54,7706;;
29.10.2018;54,178;54,178;54,178;54,178;;
26.10.2018;54,3486;54,3486;54,3486;54,3486;;
25.10.2018;55,0154;55,0154;55,0154;55,0154;;
24.10.2018;54,5306;54,5306;54,5306;54,5306;;
23.10.2018;55,7704;55,7704;55,7704;55,7704;;
22.10.2018;56,3058;56,3058;56,3058;56,3058;;
19.10.2018;56,5487;56,5487;56,5487;56,5487;;
18.10.2018;56,6061;56,6061;56,6061;56,6061;;
17.10.2018;57,2889;57,2889;57,2889;57,2889;;
16.10.2018;57,3344;57,3344;57,3344;57,3344;;
15.10.2018;56,3442;56,3442;56,3442;56,3442;;
12.10.2018;56,5716;56,5716;56,5716;56,5716;;
11.10.2018;56,0623;56,0623;56,0623;56,0623;;
10.10.2018;57,2643;57,2643;57,2643;57,2643;;
09.10.2018;58,6169;58,6169;58,6169;58,6169;;
05.10.2018;58,9622;58,9622;58,9622;58,9622;;
04.10.2018;59,3457;59,3457;59,3457;59,3457;;
02.10.2018;59,8348;59,8348;59,8348;59,8348;;
01.10.2018;59,9588;59,9588;59,9588;59,9588;;
28.09.2018;59,8452;59,8452;59,8452;59,8452;;
27.09.2018;59,9712;59,9712;59,9712;59,9712;;
26.09.2018;59,9803;59,9803;59,9803;59,9803;;
25.09.2018;60,0786;60,0786;60,0786;60,0786;;
21.09.2018;60,2325;60,2325;60,2325;60,2325;;
20.09.2018;60,1135;60,1135;60,1135;60,1135;;
19.09.2018;59,6198;59,6198;59,6198;59,6198;;
18.09.2018;59,4688;59,4688;59,4688;59,4688;;
14.09.2018;59,3107;59,3107;59,3107;59,3107;;
13.09.2018;59,2003;59,2003;59,2003;59,2003;;
12.09.2018;58,9172;58,9172;58,9172;58,9172;;
11.09.2018;58,7791;58,7791;58,7791;58,7791;;
10.09.2018;58,6393;58,6393;58,6393;58,6393;;
07.09.2018;58,5;58,5;58,5;58,5;;
06.09.2018;58,6737;58,6737;58,6737;58,6737;;
05.09.2018;58,8969;58,8969;58,8969;58,8969;;
04.09.2018;59,1706;59,1706;59,1706;59,1706;;
31.08.2018;59,5046;59,5046;59,5046;59,5046;;
30.08.2018;59,6649;59,6649;59,6649;59,6649;;
29.08.2018;59,9106;59,9106;59,9106;59,9106;;
28.08.2018;59,6811;59,6811;59,6811;59,6811;;
27.08.2018;59,6103;59,6103;59,6103;59,6103;;
24.08.2018;59,1048;59,1048;59,1048;59,1048;;
23.08.2018;58,7657;58,7657;58,7657;58,7657;;
22.08.2018;58,9452;58,9452;58,9452;58,9452;;
21.08.2018;58,8293;58,8293;58,8293;58,8293;;
20.08.2018;58,7933;58,7933;58,7933;58,7933;;
17.08.2018;58,5945;58,5945;58,5945;58,5945;;
16.08.2018;58,3981;58,3981;58,3981;58,3981;;
14.08.2018;58,5382;58,5382;58,5382;58,5382;;
13.08.2018;58,2695;58,2695;58,2695;58,2695;;
10.08.2018;58,6081;58,6081;58,6081;58,6081;;
09.08.2018;59,2535;59,2535;59,2535;59,2535;;
08.08.2018;59,2955;59,2955;59,2955;59,2955;;
07.08.2018;59,3124;59,3124;59,3124;59,3124;;
06.08.2018;59,0517;59,0517;59,0517;59,0517;;
03.08.2018;58,9962;58,9962;58,9962;58,9962;;
02.08.2018;58,7775;58,7775;58,7775;58,7775;;
01.08.2018;58,8213;58,8213;58,8213;58,8213;;
31.07.2018;58,9234;58,9234;58,9234;58,9234;;
30.07.2018;58,7887;58,7887;58,7887;58,7887;;
27.07.2018;58,9998;58,9998;58,9998;58,9998;;
26.07.2018;59,1587;59,1587;59,1587;59,1587;;
25.07.2018;59,1518;59,1518;59,1518;59,1518;;
24.07.2018;58,8552;58,8552;58,8552;58,8552;;
23.07.2018;58,5379;58,5379;58,5379;58,5379;;
20.07.2018;58,5287;58,5287;58,5287;58,5287;;
19.07.2018;58,4089;58,4089;58,4089;58,4089;;
18.07.2018;58,6087;58,6087;58,6087;58,6087;;
17.07.2018;58,4965;58,4965;58,4965;58,4965;;
13.07.2018;58,397;58,397;58,397;58,397;;
12.07.2018;58,2889;58,2889;58,2889;58,2889;;
11.07.2018;57,9151;57,9151;57,9151;57,9151;;
10.07.2018;58,423;58,423;58,423;58,423;;
09.07.2018;58,2928;58,2928;58,2928;58,2928;;
06.07.2018;57,8094;57,8094;57,8094;57,8094;;
05.07.2018;57,3266;57,3266;57,3266;57,3266;;
03.07.2018;56,9332;56,9332;56,9332;56,9332;;
02.07.2018;56,9333;56,9333;56,9333;56,9333;;
29.06.2018;57,1292;57,1292;57,1292;57,1292;;
28.06.2018;56,8614;56,8614;56,8614;56,8614;;
27.06.2018;56,7599;56,7599;56,7599;56,7599;;
26.06.2018;57,0843;57,0843;57,0843;57,0843;;
25.06.2018;57,007;57,007;57,007;57,007;;
22.06.2018;57,8075;57,8075;57,8075;57,8075;;
21.06.2018;57,5613;57,5613;57,5613;57,5613;;
20.06.2018;57,8793;57,8793;57,8793;57,8793;;
19.06.2018;57,7059;57,7059;57,7059;57,7059;;
18.06.2018;58,0965;58,0965;58,0965;58,0965;;
15.06.2018;58,3223;58,3223;58,3223;58,3223;;
14.06.2018;58,5348;58,5348;58,5348;58,5348;;
13.06.2018;58,4743;58,4743;58,4743;58,4743;;
12.06.2018;58,6126;58,6126;58,6126;58,6126;;
11.06.2018;58,5804;58,5804;58,5804;58,5804;;
08.06.2018;58,4024;58,4024;58,4024;58,4024;;
07.06.2018;58,394;58,394;58,394;58,394;;
06.06.2018;58,3603;58,3603;58,3603;58,3603;;
05.06.2018;57,8842;57,8842;57,8842;57,8842;;
04.06.2018;57,949;57,949;57,949;57,949;;
01.06.2018;57,6006;57,6006;57,6006;57,6006;;
30.05.2018;57,339;57,339;57,339;57,339;;
29.05.2018;56,86;56,86;56,86;56,86;;
25.05.2018;57,6035;57,6035;57,6035;57,6035;;
24.05.2018;57,7863;57,7863;57,7863;57,7863;;
23.05.2018;57,9237;57,9237;57,9237;57,9237;;
22.05.2018;58,076;58,076;58,076;58,076;;
18.05.2018;57,8478;57,8478;57,8478;57,8478;;
17.05.2018;57,9629;57,9629;57,9629;57,9629;;
16.05.2018;57,8767;57,8767;57,8767;57,8767;;
15.05.2018;57,7874;57,7874;57,7874;57,7874;;
14.05.2018;58,2202;58,2202;58,2202;58,2202;;
11.05.2018;58,0989;58,0989;58,0989;58,0989;;
09.05.2018;57,4566;57,4566;57,4566;57,4566;;
08.05.2018;57,0491;57,0491;57,0491;57,0491;;
07.05.2018;57,0958;57,0958;57,0958;57,0958;;
02.05.2018;56,5141;56,5141;56,5141;56,5141;;
27.04.2018;57,0283;57,0283;57,0283;57,0283;;
26.04.2018;56,9226;56,9226;56,9226;56,9226;;
25.04.2018;56,4858;56,4858;56,4858;56,4858;;
24.04.2018;56,6071;56,6071;56,6071;56,6071;;
23.04.2018;57,0291;57,0291;57,0291;57,0291;;
20.04.2018;57,0936;57,0936;57,0936;57,0936;;
19.04.2018;57,5298;57,5298;57,5298;57,5298;;
18.04.2018;57,7311;57,7311;57,7311;57,7311;;
17.04.2018;57,5339;57,5339;57,5339;57,5339;;
16.04.2018;57,0802;57,0802;57,0802;57,0802;;
13.04.2018;56,7747;56,7747;56,7747;56,7747;;
12.04.2018;56,823;56,823;56,823;56,823;;
11.04.2018;56,5908;56,5908;56,5908;56,5908;;
10.04.2018;56,7927;56,7927;56,7927;56,7927;;
09.04.2018;56,0048;56,0048;56,0048;56,0048;;
06.04.2018;55,7673;55,7673;55,7673;55,7673;;
05.04.2018;56,5125;56,5125;56,5125;56,5125;;
04.04.2018;55,9778;55,9778;55,9778;55,9778;;
03.04.2018;55,6343;55,6343;55,6343;55,6343;;
29.03.2018;56,0837;56,0837;56,0837;56,0837;;
28.03.2018;55,5956;55,5956;55,5956;55,5956;;
27.03.2018;55,7614;55,7614;55,7614;55,7614;;
26.03.2018;56,1267;56,1267;56,1267;56,1267;;
23.03.2018;55,2412;55,2412;55,2412;55,2412;;
22.03.2018;56,2238;56,2238;56,2238;56,2238;;
20.03.2018;57,2416;57,2416;57,2416;57,2416;;
19.03.2018;57,2266;57,2266;57,2266;57,2266;;
16.03.2018;57,8639;57,8639;57,8639;57,8639;;
15.03.2018;57,8394;57,8394;57,8394;57,8394;;
14.03.2018;57,8611;57,8611;57,8611;57,8611;;
13.03.2018;58,1266;58,1266;58,1266;58,1266;;
12.03.2018;58,3861;58,3861;58,3861;58,3861;;
09.03.2018;58,2531;58,2531;58,2531;58,2531;;
08.03.2018;57,5976;57,5976;57,5976;57,5976;;
07.03.2018;57,3312;57,3312;57,3312;57,3312;;
06.03.2018;57,3769;57,3769;57,3769;57,3769;;
05.03.2018;57,0655;57,0655;57,0655;57,0655;;
02.03.2018;56,6103;56,6103;56,6103;56,6103;;
01.03.2018;56,6105;56,6105;56,6105;56,6105;;
28.02.2018;57,3592;57,3592;57,3592;57,3592;;
27.02.2018;57,9666;57,9666;57,9666;57,9666;;
26.02.2018;58,4779;58,4779;58,4779;58,4779;;
23.02.2018;57,9664;57,9664;57,9664;57,9664;;
22.02.2018;57,3212;57,3212;57,3212;57,3212;;
21.02.2018;57,3394;57,3394;57,3394;57,3394;;
20.02.2018;57,5433;57,5433;57,5433;57,5433;;
16.02.2018;57,8554;57,8554;57,8554;57,8554;;
15.02.2018;57,6642;57,6642;57,6642;57,6642;;
14.02.2018;56,9666;56,9666;56,9666;56,9666;;
13.02.2018;56,2736;56,2736;56,2736;56,2736;;
09.02.2018;55,4635;55,4635;55,4635;55,4635;;
08.02.2018;55,2969;55,2969;55,2969;55,2969;;
07.02.2018;56,8084;56,8084;56,8084;56,8084;;
06.02.2018;56,747;56,747;56,747;56,747;;
05.02.2018;56,8733;56,8733;56,8733;56,8733;;
02.02.2018;58,7077;58,7077;58,7077;58,7077;;
01.02.2018;59,8139;59,8139;59,8139;59,8139;;
31.01.2018;59,8236;59,8236;59,8236;59,8236;;
30.01.2018;59,8451;59,8451;59,8451;59,8451;;
29.01.2018;60,385;60,385;60,385;60,385;;
26.01.2018;60,7796;60,7796;60,7796;60,7796;;
25.01.2018;60,3853;60,3853;60,3853;60,3853;;
24.01.2018;60,3286;60,3286;60,3286;60,3286;;
23.01.2018;60,2637;60,2637;60,2637;60,2637;;
22.01.2018;60,0206;60,0206;60,0206;60,0206;;
19.01.2018;59,6502;59,6502;59,6502;59,6502;;
18.01.2018;59,3607;59,3607;59,3607;59,3607;;
17.01.2018;59,4435;59,4435;59,4435;59,4435;;
16.01.2018;59,1311;59,1311;59,1311;59,1311;;
12.01.2018;59,0459;59,0459;59,0459;59,0459;;
11.01.2018;58,6798;58,6798;58,6798;58,6798;;
10.01.2018;58,4211;58,4211;58,4211;58,4211;;
09.01.2018;58,4072;58,4072;58,4072;58,4072;;
05.01.2018;58,2583;58,2583;58,2583;58,2583;;
04.01.2018;57,8838;57,8838;57,8838;57,8838;;
29.12.2017;56,8143;56,8143;56,8143;56,8143;;
28.12.2017;56,9048;56,9048;56,9048;56,9048;;
27.12.2017;56,7927;56,7927;56,7927;56,7927;;
22.12.2017;56,6835;56,6835;56,6835;56,6835;;
21.12.2017;56,7146;56,7146;56,7146;56,7146;;
20.12.2017;56,5701;56,5701;56,5701;56,5701;;
19.12.2017;56,5904;56,5904;56,5904;56,5904;;
18.12.2017;56,7953;56,7953;56,7953;56,7953;;
15.12.2017;56,2926;56,2926;56,2926;56,2926;;
14.12.2017;56,0749;56,0749;56,0749;56,0749;;
13.12.2017;56,2535;56,2535;56,2535;56,2535;;
12.12.2017;56,227;56,227;56,227;56,227;;
11.12.2017;56,1653;56,1653;56,1653;56,1653;;
08.12.2017;55,9548;55,9548;55,9548;55,9548;;
07.12.2017;55,6834;55,6834;55,6834;55,6834;;
06.12.2017;55,5333;55,5333;55,5333;55,5333;;
05.12.2017;55,6785;55,6785;55,6785;55,6785;;
04.12.2017;55,8469;55,8469;55,8469;55,8469;;
01.12.2017;55,8283;55,8283;55,8283;55,8283;;
30.11.2017;56,0414;56,0414;56,0414;56,0414;;
29.11.2017;55,7313;55,7313;55,7313;55,7313;;
28.11.2017;55,7354;55,7354;55,7354;55,7354;;
27.11.2017;55,4427;55,4427;55,4427;55,4427;;
24.11.2017;55,5423;55,5423;55,5423;55,5423;;
22.11.2017;55,2793;55,2793;55,2793;55,2793;;
21.11.2017;55,1981;55,1981;55,1981;55,1981;;
20.11.2017;54,888;54,888;54,888;54,888;;
17.11.2017;54,8157;54,8157;54,8157;54,8157;;
16.11.2017;54,8853;54,8853;54,8853;54,8853;;
15.11.2017;54,4725;54,4725;54,4725;54,4725;;
14.11.2017;54,7531;54,7531;54,7531;54,7531;;
13.11.2017;54,8493;54,8493;54,8493;54,8493;;
10.11.2017;54,9644;54,9644;54,9644;54,9644;;
09.11.2017;55,0115;55,0115;55,0115;55,0115;;
08.11.2017;55,2209;55,2209;55,2209;55,2209;;
07.11.2017;55,1153;55,1153;55,1153;55,1153;;
06.11.2017;55,114;55,114;55,114;55,114;;
02.11.2017;55,0127;55,0127;55,0127;55,0127;;
30.10.2017;54,7706;54,7706;54,7706;54,7706;;
27.10.2017;54,7676;54,7676;54,7676;54,7676;;
26.10.2017;54,5259;54,5259;54,5259;54,5259;;
25.10.2017;54,4649;54,4649;54,4649;54,4649;;
24.10.2017;54,6998;54,6998;54,6998;54,6998;;
23.10.2017;54,6632;54,6632;54,6632;54,6632;;
20.10.2017;54,8102;54,8102;54,8102;54,8102;;
19.10.2017;54,7463;54,7463;54,7463;54,7463;;
18.10.2017;54,6665;54,6665;54,6665;54,6665;;
17.10.2017;54,5832;54,5832;54,5832;54,5832;;
16.10.2017;54,6501;54,6501;54,6501;54,6501;;
13.10.2017;54,5983;54,5983;54,5983;54,5983;;
12.10.2017;54,48;54,48;54,48;54,48;;
11.10.2017;54,4987;54,4987;54,4987;54,4987;;
10.10.2017;54,4178;54,4178;54,4178;54,4178;;
06.10.2017;54,2162;54,2162;54,2162;54,2162;;
05.10.2017;54,2633;54,2633;54,2633;54,2633;;
04.10.2017;54,1163;54,1163;54,1163;54,1163;;
02.10.2017;53,9446;53,9446;53,9446;53,9446;;
29.09.2017;53,8319;53,8319;53,8319;53,8319;;
28.09.2017;53,6197;53,6197;53,6197;53,6197;;
27.09.2017;53,5043;53,5043;53,5043;53,5043;;
26.09.2017;53,3541;53,3541;53,3541;53,3541;;
25.09.2017;53,5178;53,5178;53,5178;53,5178;;
22.09.2017;53,664;53,664;53,664;53,664;;
21.09.2017;53,549;53,549;53,549;53,549;;
20.09.2017;53,7724;53,7724;53,7724;53,7724;;
19.09.2017;53,7011;53,7011;53,7011;53,7011;;
15.09.2017;53,4727;53,4727;53,4727;53,4727;;
14.09.2017;53,354;53,354;53,354;53,354;;
13.09.2017;53,4348;53,4348;53,4348;53,4348;;
12.09.2017;53,4756;53,4756;53,4756;53,4756;;
11.09.2017;53,304;53,304;53,304;53,304;;
08.09.2017;52,8346;52,8346;52,8346;52,8346;;
07.09.2017;52,834;52,834;52,834;52,834;;
06.09.2017;52,6767;52,6767;52,6767;52,6767;;
05.09.2017;52,5542;52,5542;52,5542;52,5542;;
01.09.2017;52,8527;52,8527;52,8527;52,8527;;
31.08.2017;52,687;52,687;52,687;52,687;;
30.08.2017;52,3571;52,3571;52,3571;52,3571;;
29.08.2017;52,2836;52,2836;52,2836;52,2836;;
28.08.2017;52,3118;52,3118;52,3118;52,3118;;
25.08.2017;52,2642;52,2642;52,2642;52,2642;;
24.08.2017;52,1296;52,1296;52,1296;52,1296;;
23.08.2017;52,1942;52,1942;52,1942;52,1942;;
22.08.2017;52,2725;52,2725;52,2725;52,2725;;
21.08.2017;51,9211;51,9211;51,9211;51,9211;;
18.08.2017;51,8714;51,8714;51,8714;51,8714;;
17.08.2017;52,0315;52,0315;52,0315;52,0315;;
16.08.2017;52,502;52,502;52,502;52,502;;
14.08.2017;52,4423;52,4423;52,4423;52,4423;;
11.08.2017;52,0355;52,0355;52,0355;52,0355;;
10.08.2017;52,1102;52,1102;52,1102;52,1102;;
09.08.2017;52,6632;52,6632;52,6632;52,6632;;
08.08.2017;52,7931;52,7931;52,7931;52,7931;;
07.08.2017;52,9281;52,9281;52,9281;52,9281;;
04.08.2017;52,8167;52,8167;52,8167;52,8167;;
03.08.2017;52,8498;52,8498;52,8498;52,8498;;
02.08.2017;52,8809;52,8809;52,8809;52,8809;;
01.08.2017;52,8743;52,8743;52,8743;52,8743;;
31.07.2017;52,6224;52,6224;52,6224;52,6224;;
28.07.2017;52,5983;52,5983;52,5983;52,5983;;
27.07.2017;52,6769;52,6769;52,6769;52,6769;;
26.07.2017;52,626;52,626;52,626;52,626;;
25.07.2017;52,5931;52,5931;52,5931;52,5931;;
24.07.2017;52,4371;52,4371;52,4371;52,4371;;
21.07.2017;52,5415;52,5415;52,5415;52,5415;;
20.07.2017;52,6614;52,6614;52,6614;52,6614;;
19.07.2017;52,5239;52,5239;52,5239;52,5239;;
18.07.2017;52,2877;52,2877;52,2877;52,2877;;
14.07.2017;52,2343;52,2343;52,2343;52,2343;;
13.07.2017;51,9322;51,9322;51,9322;51,9322;;
12.07.2017;51,8234;51,8234;51,8234;51,8234;;
11.07.2017;51,3603;51,3603;51,3603;51,3603;;
10.07.2017;51,3987;51,3987;51,3987;51,3987;;
07.07.2017;51,2934;51,2934;51,2934;51,2934;;
06.07.2017;51,1811;51,1811;51,1811;51,1811;;
05.07.2017;51,4756;51,4756;51,4756;51,4756;;
03.07.2017;51,4801;51,4801;51,4801;51,4801;;
30.06.2017;51,3665;51,3665;51,3665;51,3665;;
29.06.2017;51,45;51,45;51,45;51,45;;
28.06.2017;51,7693;51,7693;51,7693;51,7693;;
27.06.2017;51,3791;51,3791;51,3791;51,3791;;
26.06.2017;51,6438;51,6438;51,6438;51,6438;;
22.06.2017;51,4845;51,4845;51,4845;51,4845;;
21.06.2017;51,4421;51,4421;51,4421;51,4421;;
20.06.2017;51,5319;51,5319;51,5319;51,5319;;
19.06.2017;51,9064;51,9064;51,9064;51,9064;;
16.06.2017;51,5499;51,5499;51,5499;51,5499;;
14.06.2017;51,7402;51,7402;51,7402;51,7402;;
13.06.2017;51,6896;51,6896;51,6896;51,6896;;
12.06.2017;51,4136;51,4136;51,4136;51,4136;;
09.06.2017;51,5205;51,5205;51,5205;51,5205;;
08.06.2017;51,5581;51,5581;51,5581;51,5581;;
07.06.2017;51,6289;51,6289;51,6289;51,6289;;
06.06.2017;51,5969;51,5969;51,5969;51,5969;;
02.06.2017;51,8392;51,8392;51,8392;51,8392;;
01.06.2017;51,5138;51,5138;51,5138;51,5138;;
31.05.2017;51,1997;51,1997;51,1997;51,1997;;
30.05.2017;51,1441;51,1441;51,1441;51,1441;;
26.05.2017;51,1963;51,1963;51,1963;51,1963;;
24.05.2017;51,0704;51,0704;51,0704;51,0704;;
23.05.2017;51,0369;51,0369;51,0369;51,0369;;
22.05.2017;50,988;50,988;50,988;50,988;;
19.05.2017;50,7094;50,7094;50,7094;50,7094;;
18.05.2017;50,3381;50,3381;50,3381;50,3381;;
17.05.2017;50,3691;50,3691;50,3691;50,3691;;
16.05.2017;50,9934;50,9934;50,9934;50,9934;;
15.05.2017;50,8522;50,8522;50,8522;50,8522;;
12.05.2017;50,6088;50,6088;50,6088;50,6088;;
11.05.2017;50,5573;50,5573;50,5573;50,5573;;
10.05.2017;50,6629;50,6629;50,6629;50,6629;;
09.05.2017;50,5845;50,5845;50,5845;50,5845;;
08.05.2017;50,6848;50,6848;50,6848;50,6848;;
02.05.2017;50,3525;50,3525;50,3525;50,3525;;
28.04.2017;50,1334;50,1334;50,1334;50,1334;;
27.04.2017;50,2017;50,2017;50,2017;50,2017;;
26.04.2017;50,2278;50,2278;50,2278;50,2278;;
25.04.2017;50,2146;50,2146;50,2146;50,2146;;
24.04.2017;49,9346;49,9346;49,9346;49,9346;;
21.04.2017;49,1417;49,1417;49,1417;49,1417;;
20.04.2017;49,2622;49,2622;49,2622;49,2622;;
19.04.2017;48,95;48,95;48,95;48,95;;
18.04.2017;49,0064;49,0064;49,0064;49,0064;;
13.04.2017;48,8912;48,8912;48,8912;48,8912;;
12.04.2017;49,1525;49,1525;49,1525;49,1525;;
11.04.2017;49,2831;49,2831;49,2831;49,2831;;
10.04.2017;49,2504;49,2504;49,2504;49,2504;;
07.04.2017;49,2078;49,2078;49,2078;49,2078;;
06.04.2017;49,2363;49,2363;49,2363;49,2363;;
05.04.2017;49,2061;49,2061;49,2061;49,2061;;
04.04.2017;49,3095;49,3095;49,3095;49,3095;;
03.04.2017;49,2784;49,2784;49,2784;49,2784;;
31.03.2017;49,4027;49,4027;49,4027;49,4027;;
30.03.2017;49,5645;49,5645;49,5645;49,5645;;
29.03.2017;49,4711;49,4711;49,4711;49,4711;;
28.03.2017;49,4861;49,4861;49,4861;49,4861;;
27.03.2017;49,1201;49,1201;49,1201;49,1201;;
24.03.2017;49,1368;49,1368;49,1368;49,1368;;
23.03.2017;49,1127;49,1127;49,1127;49,1127;;
22.03.2017;49,0495;49,0495;49,0495;49,0495;;
21.03.2017;49,1485;49,1485;49,1485;49,1485;;
17.03.2017;49,5885;49,5885;49,5885;49,5885;;
16.03.2017;49,613;49,613;49,613;49,613;;
15.03.2017;49,3374;49,3374;49,3374;49,3374;;
14.03.2017;49,0381;49,0381;49,0381;49,0381;;
13.03.2017;49,2246;49,2246;49,2246;49,2246;;
10.03.2017;49,1064;49,1064;49,1064;49,1064;;
09.03.2017;48,8406;48,8406;48,8406;48,8406;;
08.03.2017;48,8043;48,8043;48,8043;48,8043;;
07.03.2017;48,9527;48,9527;48,9527;48,9527;;
06.03.2017;49,0871;49,0871;49,0871;49,0871;;
03.03.2017;49,1734;49,1734;49,1734;49,1734;;
02.03.2017;49,1688;49,1688;49,1688;49,1688;;
01.03.2017;49,3588;49,3588;49,3588;49,3588;;
28.02.2017;48,8838;48,8838;48,8838;48,8838;;
27.02.2017;48,9584;48,9584;48,9584;48,9584;;
24.02.2017;48,9347;48,9347;48,9347;48,9347;;
23.02.2017;49,0488;49,0488;49,0488;49,0488;;
22.02.2017;48,9546;48,9546;48,9546;48,9546;;
21.02.2017;48,9664;48,9664;48,9664;48,9664;;
17.02.2017;48,7911;48,7911;48,7911;48,7911;;
16.02.2017;48,7919;48,7919;48,7919;48,7919;;
15.02.2017;48,698;48,698;48,698;48,698;;
14.02.2017;48,4304;48,4304;48,4304;48,4304;;
13.02.2017;48,4168;48,4168;48,4168;48,4168;;
10.02.2017;48,1811;48,1811;48,1811;48,1811;;
09.02.2017;47,9898;47,9898;47,9898;47,9898;;
08.02.2017;47,8448;47,8448;47,8448;47,8448;;
07.02.2017;47,7058;47,7058;47,7058;47,7058;;
06.02.2017;47,7286;47,7286;47,7286;47,7286;;
03.02.2017;47,9222;47,9222;47,9222;47,9222;;
02.02.2017;47,6445;47,6445;47,6445;47,6445;;
01.02.2017;47,5942;47,5942;47,5942;47,5942;;
31.01.2017;47,5631;47,5631;47,5631;47,5631;;
30.01.2017;47,5541;47,5541;47,5541;47,5541;;
27.01.2017;47,8526;47,8526;47,8526;47,8526;;
26.01.2017;47,8607;47,8607;47,8607;47,8607;;
25.01.2017;47,9152;47,9152;47,9152;47,9152;;
24.01.2017;47,511;47,511;47,511;47,511;;
23.01.2017;47,2677;47,2677;47,2677;47,2677;;
20.01.2017;47,3011;47,3011;47,3011;47,3011;;
19.01.2017;47,1232;47,1232;47,1232;47,1232;;
18.01.2017;47,3786;47,3786;47,3786;47,3786;;
17.01.2017;47,3001;47,3001;47,3001;47,3001;;
13.01.2017;47,4436;47,4436;47,4436;47,4436;;
12.01.2017;47,3166;47,3166;47,3166;47,3166;;
11.01.2017;47,1766;47,1766;47,1766;47,1766;;
10.01.2017;47,2134;47,2134;47,2134;47,2134;;
06.01.2017;47,3057;47,3057;47,3057;47,3057;;
05.01.2017;47,2811;47,2811;47,2811;47,2811;;
04.01.2017;47,0557;47,0557;47,0557;47,0557;;
30.12.2016;46,4481;46,4481;46,4481;46,4481;;
29.12.2016;46,4934;46,4934;46,4934;46,4934;;
28.12.2016;46,4229;46,4229;46,4229;46,4229;;
27.12.2016;46,6801;46,6801;46,6801;46,6801;;
22.12.2016;46,607;46,607;46,607;46,607;;
21.12.2016;46,6638;46,6638;46,6638;46,6638;;
20.12.2016;46,6967;46,6967;46,6967;46,6967;;
19.12.2016;46,6244;46,6244;46,6244;46,6244;;
16.12.2016;46,5148;46,5148;46,5148;46,5148;;
15.12.2016;46,5085;46,5085;46,5085;46,5085;;
14.12.2016;46,7517;46,7517;46,7517;46,7517;;
13.12.2016;47,0231;47,0231;47,0231;47,0231;;
12.12.2016;46,6541;46,6541;46,6541;46,6541;;
09.12.2016;46,6503;46,6503;46,6503;46,6503;;
08.12.2016;46,4602;46,4602;46,4602;46,4602;;
07.12.2016;46,3613;46,3613;46,3613;46,3613;;
06.12.2016;45,7866;45,7866;45,7866;45,7866;;
05.12.2016;45,5281;45,5281;45,5281;45,5281;;
02.12.2016;45,2831;45,2831;45,2831;45,2831;;
01.12.2016;45,2752;45,2752;45,2752;45,2752;;
30.11.2016;45,3653;45,3653;45,3653;45,3653;;
29.11.2016;45,4485;45,4485;45,4485;45,4485;;
28.11.2016;45,378;45,378;45,378;45,378;;
25.11.2016;45,5831;45,5831;45,5831;45,5831;;
22.11.2016;45,3726;45,3726;45,3726;45,3726;;
21.11.2016;45,3026;45,3026;45,3026;45,3026;;
18.11.2016;44,9541;44,9541;44,9541;44,9541;;
17.11.2016;45,2063;45,2063;45,2063;45,2063;;
16.11.2016;44,9773;44,9773;44,9773;44,9773;;
15.11.2016;45,0616;45,0616;45,0616;45,0616;;
14.11.2016;44,8029;44,8029;44,8029;44,8029;;
10.11.2016;45,0312;45,0312;45,0312;45,0312;;
09.11.2016;44,8938;44,8938;44,8938;44,8938;;
08.11.2016;44,7676;44,7676;44,7676;44,7676;;
07.11.2016;44,5947;44,5947;44,5947;44,5947;;
04.11.2016;43,9202;43,9202;43,9202;43,9202;;
02.11.2016;44,2452;44,2452;44,2452;44,2452;;
31.10.2016;44,7212;44,7212;44,7212;44,7212;;
28.10.2016;44,7219;44,7219;44,7219;44,7219;;
27.10.2016;44,8179;44,8179;44,8179;44,8179;;
26.10.2016;44,9534;44,9534;44,9534;44,9534;;
25.10.2016;44,9872;44,9872;44,9872;44,9872;;
24.10.2016;45,1203;45,1203;45,1203;45,1203;;
21.10.2016;44,9851;44,9851;44,9851;44,9851;;
20.10.2016;45,0615;45,0615;45,0615;45,0615;;
19.10.2016;45,1286;45,1286;45,1286;45,1286;;
18.10.2016;44,9764;44,9764;44,9764;44,9764;;
17.10.2016;44,6261;44,6261;44,6261;44,6261;;
14.10.2016;44,7816;44,7816;44,7816;44,7816;;
13.10.2016;44,6737;44,6737;44,6737;44,6737;;
12.10.2016;44,8295;44,8295;44,8295;44,8295;;
11.10.2016;44,9538;44,9538;44,9538;44,9538;;
07.10.2016;45,2737;45,2737;45,2737;45,2737;;
06.10.2016;45,432;45,432;45,432;45,432;;
05.10.2016;45,5021;45,5021;45,5021;45,5021;;
04.10.2016;45,4053;45,4053;45,4053;45,4053;;
30.09.2016;45,6089;45,6089;45,6089;45,6089;;
29.09.2016;45,4524;45,4524;45,4524;45,4524;;
28.09.2016;45,6066;45,6066;45,6066;45,6066;;
27.09.2016;45,4171;45,4171;45,4171;45,4171;;
26.09.2016;45,2819;45,2819;45,2819;45,2819;;
23.09.2016;45,6724;45,6724;45,6724;45,6724;;
21.09.2016;45,4582;45,4582;45,4582;45,4582;;
20.09.2016;44,9696;44,9696;44,9696;44,9696;;
16.09.2016;44,7842;44,7842;44,7842;44,7842;;
15.09.2016;45,0094;45,0094;45,0094;45,0094;;
14.09.2016;44,681;44,681;44,681;44,681;;
13.09.2016;44,7401;44,7401;44,7401;44,7401;;
12.09.2016;45,2851;45,2851;45,2851;45,2851;;
09.09.2016;45,0781;45,0781;45,0781;45,0781;;
08.09.2016;46,041;46,041;46,041;46,041;;
07.09.2016;46,1186;46,1186;46,1186;46,1186;;
06.09.2016;46,0713;46,0713;46,0713;46,0713;;
02.09.2016;45,7714;45,7714;45,7714;45,7714;;
01.09.2016;45,4783;45,4783;45,4783;45,4783;;
31.08.2016;45,37;45,37;45,37;45,37;;
30.08.2016;45,4747;45,4747;45,4747;45,4747;;
29.08.2016;45,5219;45,5219;45,5219;45,5219;;
26.08.2016;45,5295;45,5295;45,5295;45,5295;;
25.08.2016;45,5609;45,5609;45,5609;45,5609;;
24.08.2016;45,6613;45,6613;45,6613;45,6613;;
23.08.2016;45,8537;45,8537;45,8537;45,8537;;
22.08.2016;45,696;45,696;45,696;45,696;;
19.08.2016;45,6752;45,6752;45,6752;45,6752;;
18.08.2016;45,8035;45,8035;45,8035;45,8035;;
17.08.2016;45,6625;45,6625;45,6625;45,6625;;
16.08.2016;45,6345;45,6345;45,6345;45,6345;;
12.08.2016;45,763;45,763;45,763;45,763;;
10.08.2016;45,5125;45,5125;45,5125;45,5125;;
09.08.2016;45,5319;45,5319;45,5319;45,5319;;
08.08.2016;45,3045;45,3045;45,3045;45,3045;;
05.08.2016;45,216;45,216;45,216;45,216;;
04.08.2016;44,9786;44,9786;44,9786;44,9786;;
03.08.2016;44,8565;44,8565;44,8565;44,8565;;
02.08.2016;44,9311;44,9311;44,9311;44,9311;;
01.08.2016;45,2227;45,2227;45,2227;45,2227;;
29.07.2016;45,3316;45,3316;45,3316;45,3316;;
28.07.2016;44,9577;44,9577;44,9577;44,9577;;
27.07.2016;44,9221;44,9221;44,9221;44,9221;;
26.07.2016;44,91;44,91;44,91;44,91;;
25.07.2016;44,8553;44,8553;44,8553;44,8553;;
22.07.2016;44,9354;44,9354;44,9354;44,9354;;
21.07.2016;44,8935;44,8935;44,8935;44,8935;;
20.07.2016;44,9437;44,9437;44,9437;44,9437;;
19.07.2016;44,7153;44,7153;44,7153;44,7153;;
15.07.2016;44,763;44,763;44,763;44,763;;
14.07.2016;44,8332;44,8332;44,8332;44,8332;;
13.07.2016;44,6;44,6;44,6;44,6;;
12.07.2016;44,5012;44,5012;44,5012;44,5012;;
11.07.2016;44,1185;44,1185;44,1185;44,1185;;
08.07.2016;43,7523;43,7523;43,7523;43,7523;;
07.07.2016;43,2683;43,2683;43,2683;43,2683;;
06.07.2016;43,1823;43,1823;43,1823;43,1823;;
05.07.2016;43,3006;43,3006;43,3006;43,3006;;
01.07.2016;43,6852;43,6852;43,6852;43,6852;;
30.06.2016;43,4963;43,4963;43,4963;43,4963;;
29.06.2016;42,9989;42,9989;42,9989;42,9989;;
28.06.2016;42,0666;42,0666;42,0666;42,0666;;
27.06.2016;41,3363;41,3363;41,3363;41,3363;;
24.06.2016;42,3099;42,3099;42,3099;42,3099;;
22.06.2016;43,8628;43,8628;43,8628;43,8628;;
21.06.2016;43,8853;43,8853;43,8853;43,8853;;
20.06.2016;43,7604;43,7604;43,7604;43,7604;;
17.06.2016;43,0123;43,0123;43,0123;43,0123;;
16.06.2016;42,8094;42,8094;42,8094;42,8094;;
15.06.2016;42,9543;42,9543;42,9543;42,9543;;
14.06.2016;42,8643;42,8643;42,8643;42,8643;;
13.06.2016;43,2623;43,2623;43,2623;43,2623;;
10.06.2016;43,7706;43,7706;43,7706;43,7706;;
09.06.2016;44,3862;44,3862;44,3862;44,3862;;
08.06.2016;44,6587;44,6587;44,6587;44,6587;;
07.06.2016;44,5225;44,5225;44,5225;44,5225;;
06.06.2016;44,3138;44,3138;44,3138;44,3138;;
03.06.2016;44,1052;44,1052;44,1052;44,1052;;
02.06.2016;43,9784;43,9784;43,9784;43,9784;;
01.06.2016;43,9457;43,9457;43,9457;43,9457;;
31.05.2016;43,9879;43,9879;43,9879;43,9879;;
27.05.2016;44,0228;44,0228;44,0228;44,0228;;
25.05.2016;43,8219;43,8219;43,8219;43,8219;;
24.05.2016;43,4374;43,4374;43,4374;43,4374;;
23.05.2016;42,9439;42,9439;42,9439;42,9439;;
20.05.2016;43,0457;43,0457;43,0457;43,0457;;
19.05.2016;42,721;42,721;42,721;42,721;;
18.05.2016;43,0646;43,0646;43,0646;43,0646;;
17.05.2016;43,0725;43,0725;43,0725;43,0725;;
13.05.2016;42,9039;42,9039;42,9039;42,9039;;
12.05.2016;43,2641;43,2641;43,2641;43,2641;;
11.05.2016;43,3394;43,3394;43,3394;43,3394;;
10.05.2016;43,5622;43,5622;43,5622;43,5622;;
09.05.2016;43,0457;43,0457;43,0457;43,0457;;
06.05.2016;43,0488;43,0488;43,0488;43,0488;;
02.05.2016;43,8662;43,8662;43,8662;43,8662;;
28.04.2016;43,8983;43,8983;43,8983;43,8983;;
27.04.2016;44,1109;44,1109;44,1109;44,1109;;
26.04.2016;44,0977;44,0977;44,0977;44,0977;;
25.04.2016;44,0146;44,0146;44,0146;44,0146;;
22.04.2016;44,1043;44,1043;44,1043;44,1043;;
21.04.2016;44,2138;44,2138;44,2138;44,2138;;
20.04.2016;44,3295;44,3295;44,3295;44,3295;;
19.04.2016;44,2724;44,2724;44,2724;44,2724;;
18.04.2016;43,8116;43,8116;43,8116;43,8116;;
15.04.2016;43,6839;43,6839;43,6839;43,6839;;
14.04.2016;43,7215;43,7215;43,7215;43,7215;;
13.04.2016;43,5648;43,5648;43,5648;43,5648;;
12.04.2016;42,9863;42,9863;42,9863;42,9863;;
11.04.2016;42,6698;42,6698;42,6698;42,6698;;
08.04.2016;42,6652;42,6652;42,6652;42,6652;;
07.04.2016;42,3878;42,3878;42,3878;42,3878;;
06.04.2016;42,6839;42,6839;42,6839;42,6839;;
05.04.2016;42,2858;42,2858;42,2858;42,2858;;
04.04.2016;42,8655;42,8655;42,8655;42,8655;;
01.04.2016;42,8457;42,8457;42,8457;42,8457;;
31.03.2016;43,0483;43,0483;43,0483;43,0483;;
30.03.2016;43,1713;43,1713;43,1713;43,1713;;
29.03.2016;42,7247;42,7247;42,7247;42,7247;;
24.03.2016;42,3322;42,3322;42,3322;42,3322;;
23.03.2016;42,5659;42,5659;42,5659;42,5659;;
22.03.2016;42,884;42,884;42,884;42,884;;
18.03.2016;42,9287;42,9287;42,9287;42,9287;;
17.03.2016;42,8583;42,8583;42,8583;42,8583;;
16.03.2016;42,2909;42,2909;42,2909;42,2909;;
15.03.2016;42,2281;42,2281;42,2281;42,2281;;
14.03.2016;42,4453;42,4453;42,4453;42,4453;;
11.03.2016;42,4098;42,4098;42,4098;42,4098;;
10.03.2016;41,6458;41,6458;41,6458;41,6458;;
09.03.2016;41,6761;41,6761;41,6761;41,6761;;
08.03.2016;41,5472;41,5472;41,5472;41,5472;;
07.03.2016;41,9071;41,9071;41,9071;41,9071;;
04.03.2016;41,915;41,915;41,915;41,915;;
03.03.2016;41,6606;41,6606;41,6606;41,6606;;
02.03.2016;41,3814;41,3814;41,3814;41,3814;;
01.03.2016;41,0444;41,0444;41,0444;41,0444;;
29.02.2016;40,3109;40,3109;40,3109;40,3109;;
26.02.2016;40,4967;40,4967;40,4967;40,4967;;
25.02.2016;40,4794;40,4794;40,4794;40,4794;;
24.02.2016;39,9653;39,9653;39,9653;39,9653;;
23.02.2016;40,1197;40,1197;40,1197;40,1197;;
22.02.2016;40,569;40,569;40,569;40,569;;
19.02.2016;40,0506;40,0506;40,0506;40,0506;;
18.02.2016;40,1869;40,1869;40,1869;40,1869;;
17.02.2016;40,1949;40,1949;40,1949;40,1949;;
16.02.2016;39,557;39,557;39,557;39,557;;
12.02.2016;38,6752;38,6752;38,6752;38,6752;;
10.02.2016;38,6744;38,6744;38,6744;38,6744;;
09.02.2016;38,7149;38,7149;38,7149;38,7149;;
08.02.2016;38,9719;38,9719;38,9719;38,9719;;
05.02.2016;39,6283;39,6283;39,6283;39,6283;;
04.02.2016;40,2774;40,2774;40,2774;40,2774;;
03.02.2016;40,0633;40,0633;40,0633;40,0633;;
02.02.2016;40,0074;40,0074;40,0074;40,0074;;
01.02.2016;40,725;40,725;40,725;40,725;;
29.01.2016;40,6076;40,6076;40,6076;40,6076;;
28.01.2016;39,8408;39,8408;39,8408;39,8408;;
27.01.2016;39,8046;39,8046;39,8046;39,8046;;
26.01.2016;39,9124;39,9124;39,9124;39,9124;;
25.01.2016;39,5327;39,5327;39,5327;39,5327;;
22.01.2016;39,9396;39,9396;39,9396;39,9396;;
21.01.2016;38,9273;38,9273;38,9273;38,9273;;
20.01.2016;38,7661;38,7661;38,7661;38,7661;;
19.01.2016;39,5113;39,5113;39,5113;39,5113;;
15.01.2016;39,5247;39,5247;39,5247;39,5247;;
14.01.2016;40,2526;40,2526;40,2526;40,2526;;
13.01.2016;40,1282;40,1282;40,1282;40,1282;;
12.01.2016;40,5782;40,5782;40,5782;40,5782;;
08.01.2016;40,5721;40,5721;40,5721;40,5721;;
07.01.2016;40,9579;40,9579;40,9579;40,9579;;
06.01.2016;41,8365;41,8365;41,8365;41,8365;;
05.01.2016;42,3607;42,3607;42,3607;42,3607;;
04.01.2016;42,3672;42,3672;42,3672;42,3672;;
30.12.2015;43,5454;43,5454;43,5454;43,5454;;
29.12.2015;43,7823;43,7823;43,7823;43,7823;;
28.12.2015;43,3795;43,3795;43,3795;43,3795;;
22.12.2015;42,8479;42,8479;42,8479;42,8479;;
21.12.2015;42,5537;42,5537;42,5537;42,5537;;
18.12.2015;42,4159;42,4159;42,4159;42,4159;;
17.12.2015;42,9731;42,9731;42,9731;42,9731;;
16.12.2015;43,3204;43,3204;43,3204;43,3204;;
15.12.2015;42,7466;42,7466;42,7466;42,7466;;
14.12.2015;42,3681;42,3681;42,3681;42,3681;;
11.12.2015;42,5165;42,5165;42,5165;42,5165;;
10.12.2015;43,1873;43,1873;43,1873;43,1873;;
09.12.2015;43,1977;43,1977;43,1977;43,1977;;
08.12.2015;43,3596;43,3596;43,3596;43,3596;;
07.12.2015;43,7702;43,7702;43,7702;43,7702;;
04.12.2015;43,9812;43,9812;43,9812;43,9812;;
03.12.2015;43,5518;43,5518;43,5518;43,5518;;
02.12.2015;44,0177;44,0177;44,0177;44,0177;;
01.12.2015;44,3738;44,3738;44,3738;44,3738;;
30.11.2015;43,9641;43,9641;43,9641;43,9641;;
27.11.2015;44,1155;44,1155;44,1155;44,1155;;
25.11.2015;44,0457;44,0457;44,0457;44,0457;;
24.11.2015;43,9818;43,9818;43,9818;43,9818;;
20.11.2015;44,1702;44,1702;44,1702;44,1702;;
19.11.2015;44,108;44,108;44,108;44,108;;
18.11.2015;43,8701;43,8701;43,8701;43,8701;;
17.11.2015;43,4679;43,4679;43,4679;43,4679;;
16.11.2015;43,2398;43,2398;43,2398;43,2398;;
13.11.2015;42,8926;42,8926;42,8926;42,8926;;
12.11.2015;43,3379;43,3379;43,3379;43,3379;;
10.11.2015;43,8163;43,8163;43,8163;43,8163;;
09.11.2015;43,8395;43,8395;43,8395;43,8395;;
06.11.2015;44,1644;44,1644;44,1644;44,1644;;
05.11.2015;44,3246;44,3246;44,3246;44,3246;;
04.11.2015;44,3952;44,3952;44,3952;44,3952;;
02.11.2015;44,422;44,422;44,422;44,422;;
30.10.2015;44,1787;44,1787;44,1787;44,1787;;
29.10.2015;44,1995;44,1995;44,1995;44,1995;;
28.10.2015;44,3887;44,3887;44,3887;44,3887;;
27.10.2015;43,9234;43,9234;43,9234;43,9234;;
26.10.2015;44,1495;44,1495;44,1495;44,1495;;
23.10.2015;44,1922;44,1922;44,1922;44,1922;;
22.10.2015;43,7447;43,7447;43,7447;43,7447;;
21.10.2015;43,3127;43,3127;43,3127;43,3127;;
20.10.2015;43,431;43,431;43,431;43,431;;
19.10.2015;43,4927;43,4927;43,4927;43,4927;;
16.10.2015;43,5866;43,5866;43,5866;43,5866;;
15.10.2015;43,3853;43,3853;43,3853;43,3853;;
14.10.2015;42,7955;42,7955;42,7955;42,7955;;
13.10.2015;43,0032;43,0032;43,0032;43,0032;;
09.10.2015;43,3299;43,3299;43,3299;43,3299;;
08.10.2015;43,0654;43,0654;43,0654;43,0654;;
06.10.2015;42,4727;42,4727;42,4727;42,4727;;
05.10.2015;42,3819;42,3819;42,3819;42,3819;;
02.10.2015;41,594;41,594;41,594;41,594;;
01.10.2015;41,0957;41,0957;41,0957;41,0957;;
30.09.2015;40,9371;40,9371;40,9371;40,9371;;
29.09.2015;40,1211;40,1211;40,1211;40,1211;;
28.09.2015;40,3689;40,3689;40,3689;40,3689;;
25.09.2015;41,2327;41,2327;41,2327;41,2327;;
24.09.2015;41,0434;41,0434;41,0434;41,0434;;
18.09.2015;42,1593;42,1593;42,1593;42,1593;;
17.09.2015;42,7315;42,7315;42,7315;42,7315;;
16.09.2015;42,7524;42,7524;42,7524;42,7524;;
15.09.2015;42,2399;42,2399;42,2399;42,2399;;
14.09.2015;41,8846;41,8846;41,8846;41,8846;;
11.09.2015;42,0562;42,0562;42,0562;42,0562;;
10.09.2015;42,0095;42,0095;42,0095;42,0095;;
09.09.2015;42,0761;42,0761;42,0761;42,0761;;
08.09.2015;42,0421;42,0421;42,0421;42,0421;;
04.09.2015;41,2277;41,2277;41,2277;41,2277;;
03.09.2015;41,9297;41,9297;41,9297;41,9297;;
02.09.2015;41,7404;41,7404;41,7404;41,7404;;
01.09.2015;41,3499;41,3499;41,3499;41,3499;;
31.08.2015;42,5039;42,5039;42,5039;42,5039;;
28.08.2015;42,8266;42,8266;42,8266;42,8266;;
27.08.2015;42,6296;42,6296;42,6296;42,6296;;
26.08.2015;41,7465;41,7465;41,7465;41,7465;;
25.08.2015;40,9011;40,9011;40,9011;40,9011;;
24.08.2015;41,0431;41,0431;41,0431;41,0431;;
21.08.2015;42,629;42,629;42,629;42,629;;
20.08.2015;43,821;43,821;43,821;43,821;;
19.08.2015;44,5602;44,5602;44,5602;44,5602;;
18.08.2015;45,0289;45,0289;45,0289;45,0289;;
17.08.2015;45,1462;45,1462;45,1462;45,1462;;
14.08.2015;45,0069;45,0069;45,0069;45,0069;;
13.08.2015;44,9425;44,9425;44,9425;44,9425;;
12.08.2015;44,9458;44,9458;44,9458;44,9458;;
11.08.2015;45,1262;45,1262;45,1262;45,1262;;
10.08.2015;45,5601;45,5601;45,5601;45,5601;;
07.08.2015;45,0609;45,0609;45,0609;45,0609;;
06.08.2015;45,1967;45,1967;45,1967;45,1967;;
05.08.2015;45,4456;45,4456;45,4456;45,4456;;
04.08.2015;45,3385;45,3385;45,3385;45,3385;;
03.08.2015;45,3978;45,3978;45,3978;45,3978;;
31.07.2015;45,5104;45,5104;45,5104;45,5104;;
30.07.2015;45,3592;45,3592;45,3592;45,3592;;
29.07.2015;45,3804;45,3804;45,3804;45,3804;;
28.07.2015;45,0258;45,0258;45,0258;45,0258;;
27.07.2015;44,6783;44,6783;44,6783;44,6783;;
24.07.2015;44,9852;44,9852;44,9852;44,9852;;
23.07.2015;45,4311;45,4311;45,4311;45,4311;;
22.07.2015;45,527;45,527;45,527;45,527;;
21.07.2015;45,8146;45,8146;45,8146;45,8146;;
17.07.2015;45,8904;45,8904;45,8904;45,8904;;
16.07.2015;45,9185;45,9185;45,9185;45,9185;;
15.07.2015;45,5621;45,5621;45,5621;45,5621;;
14.07.2015;45,5952;45,5952;45,5952;45,5952;;
13.07.2015;45,3188;45,3188;45,3188;45,3188;;
10.07.2015;44,9212;44,9212;44,9212;44,9212;;
09.07.2015;44,2553;44,2553;44,2553;44,2553;;
08.07.2015;43,9817;43,9817;43,9817;43,9817;;
07.07.2015;44,442;44,442;44,442;44,442;;
06.07.2015;44,5586;44,5586;44,5586;44,5586;;
02.07.2015;45,0176;45,0176;45,0176;45,0176;;
01.07.2015;45,0135;45,0135;45,0135;45,0135;;
30.06.2015;44,7108;44,7108;44,7108;44,7108;;
29.06.2015;44,7611;44,7611;44,7611;44,7611;;
26.06.2015;45,7537;45,7537;45,7537;45,7537;;
25.06.2015;45,8798;45,8798;45,8798;45,8798;;
24.06.2015;45,9852;45,9852;45,9852;45,9852;;
22.06.2015;46,2514;46,2514;46,2514;46,2514;;
19.06.2015;45,7023;45,7023;45,7023;45,7023;;
18.06.2015;45,8498;45,8498;45,8498;45,8498;;
17.06.2015;45,3694;45,3694;45,3694;45,3694;;
16.06.2015;45,4091;45,4091;45,4091;45,4091;;
15.06.2015;45,2393;45,2393;45,2393;45,2393;;
12.06.2015;45,5753;45,5753;45,5753;45,5753;;
11.06.2015;45,8127;45,8127;45,8127;45,8127;;
10.06.2015;45,7319;45,7319;45,7319;45,7319;;
09.06.2015;45,0841;45,0841;45,0841;45,0841;;
08.06.2015;45,0977;45,0977;45,0977;45,0977;;
05.06.2015;45,3033;45,3033;45,3033;45,3033;;
03.06.2015;46,0573;46,0573;46,0573;46,0573;;
02.06.2015;45,8596;45,8596;45,8596;45,8596;;
01.06.2015;45,7516;45,7516;45,7516;45,7516;;
29.05.2015;45,7746;45,7746;45,7746;45,7746;;
28.05.2015;46,0833;46,0833;46,0833;46,0833;;
27.05.2015;46,1321;46,1321;46,1321;46,1321;;
26.05.2015;45,8077;45,8077;45,8077;45,8077;;
22.05.2015;46,3801;46,3801;46,3801;46,3801;;
21.05.2015;46,5625;46,5625;46,5625;46,5625;;
20.05.2015;46,3781;46,3781;46,3781;46,3781;;
19.05.2015;46,3673;46,3673;46,3673;46,3673;;
18.05.2015;46,4899;46,4899;46,4899;46,4899;;
15.05.2015;46,4371;46,4371;46,4371;46,4371;;
13.05.2015;45,9804;45,9804;45,9804;45,9804;;
12.05.2015;45,8375;45,8375;45,8375;45,8375;;
11.05.2015;45,9388;45,9388;45,9388;45,9388;;
08.05.2015;46,0657;46,0657;46,0657;46,0657;;
07.05.2015;45,4049;45,4049;45,4049;45,4049;;
30.04.2015;45,5992;45,5992;45,5992;45,5992;;
28.04.2015;46,2246;46,2246;46,2246;46,2246;;
27.04.2015;46,1749;46,1749;46,1749;46,1749;;
24.04.2015;46,1291;46,1291;46,1291;46,1291;;
23.04.2015;45,9308;45,9308;45,9308;45,9308;;
22.04.2015;45,7779;45,7779;45,7779;45,7779;;
21.04.2015;45,6532;45,6532;45,6532;45,6532;;
20.04.2015;45,5769;45,5769;45,5769;45,5769;;
17.04.2015;45,3104;45,3104;45,3104;45,3104;;
16.04.2015;45,7575;45,7575;45,7575;45,7575;;
15.04.2015;45,6821;45,6821;45,6821;45,6821;;
14.04.2015;45,579;45,579;45,579;45,579;;
13.04.2015;45,3794;45,3794;45,3794;45,3794;;
10.04.2015;45,5673;45,5673;45,5673;45,5673;;
09.04.2015;45,3711;45,3711;45,3711;45,3711;;
08.04.2015;45,2299;45,2299;45,2299;45,2299;;
07.04.2015;45,1653;45,1653;45,1653;45,1653;;
02.04.2015;44,7797;44,7797;44,7797;44,7797;;
01.04.2015;44,4855;44,4855;44,4855;44,4855;;
31.03.2015;44,5505;44,5505;44,5505;44,5505;;
30.03.2015;44,9709;44,9709;44,9709;44,9709;;
27.03.2015;44,6497;44,6497;44,6497;44,6497;;
26.03.2015;44,6175;44,6175;44,6175;44,6175;;
25.03.2015;44,9083;44,9083;44,9083;44,9083;;
24.03.2015;45,3145;45,3145;45,3145;45,3145;;
23.03.2015;45,4554;45,4554;45,4554;45,4554;;
20.03.2015;45,365;45,365;45,365;45,365;;
19.03.2015;44,7659;44,7659;44,7659;44,7659;;
18.03.2015;44,8316;44,8316;44,8316;44,8316;;
17.03.2015;44,383;44,383;44,383;44,383;;
16.03.2015;44,4713;44,4713;44,4713;44,4713;;
13.03.2015;43,9519;43,9519;43,9519;43,9519;;
12.03.2015;44,1758;44,1758;44,1758;44,1758;;
11.03.2015;43,7108;43,7108;43,7108;43,7108;;
10.03.2015;43,7485;43,7485;43,7485;43,7485;;
09.03.2015;44,4946;44,4946;44,4946;44,4946;;
06.03.2015;44,4961;44,4961;44,4961;44,4961;;
05.03.2015;45,0486;45,0486;45,0486;45,0486;;
04.03.2015;44,9622;44,9622;44,9622;44,9622;;
03.03.2015;45,1531;45,1531;45,1531;45,1531;;
02.03.2015;45,3531;45,3531;45,3531;45,3531;;
27.02.2015;45,2544;45,2544;45,2544;45,2544;;
26.02.2015;45,2828;45,2828;45,2828;45,2828;;
25.02.2015;45,3509;45,3509;45,3509;45,3509;;
24.02.2015;45,2949;45,2949;45,2949;45,2949;;
23.02.2015;45,1749;45,1749;45,1749;45,1749;;
20.02.2015;45,1161;45,1161;45,1161;45,1161;;
19.02.2015;44,928;44,928;44,928;44,928;;
18.02.2015;44,8738;44,8738;44,8738;44,8738;;
17.02.2015;44,764;44,764;44,764;44,764;;
13.02.2015;44,6885;44,6885;44,6885;44,6885;;
12.02.2015;44,4068;44,4068;44,4068;44,4068;;
10.02.2015;43,9968;43,9968;43,9968;43,9968;;
09.02.2015;43,6995;43,6995;43,6995;43,6995;;
06.02.2015;43,8589;43,8589;43,8589;43,8589;;
05.02.2015;44,0313;44,0313;44,0313;44,0313;;
04.02.2015;43,7097;43,7097;43,7097;43,7097;;
03.02.2015;43,707;43,707;43,707;43,707;;
02.02.2015;43,1746;43,1746;43,1746;43,1746;;
30.01.2015;42,7453;42,7453;42,7453;42,7453;;
29.01.2015;43,1599;43,1599;43,1599;43,1599;;
28.01.2015;43,0402;43,0402;43,0402;43,0402;;
27.01.2015;43,4524;43,4524;43,4524;43,4524;;
26.01.2015;43,6297;43,6297;43,6297;43,6297;;
23.01.2015;43,5074;43,5074;43,5074;43,5074;;
22.01.2015;43,5773;43,5773;43,5773;43,5773;;
21.01.2015;43,1642;43,1642;43,1642;43,1642;;
20.01.2015;42,9311;42,9311;42,9311;42,9311;;
16.01.2015;42,6731;42,6731;42,6731;42,6731;;
15.01.2015;42,3488;42,3488;42,3488;42,3488;;
14.01.2015;42,4217;42,4217;42,4217;42,4217;;
13.01.2015;42,7475;42,7475;42,7475;42,7475;;
09.01.2015;42,8886;42,8886;42,8886;42,8886;;
08.01.2015;43,1528;43,1528;43,1528;43,1528;;
07.01.2015;42,3384;42,3384;42,3384;42,3384;;
06.01.2015;42,1334;42,1334;42,1334;42,1334;;
05.01.2015;42,5623;42,5623;42,5623;42,5623;;
30.12.2014;43,8246;43,8246;43,8246;43,8246;;
29.12.2014;44,0946;44,0946;44,0946;44,0946;;
22.12.2014;43,8663;43,8663;43,8663;43,8663;;
18.12.2014;43,4327;43,4327;43,4327;43,4327;;
17.12.2014;42,5679;42,5679;42,5679;42,5679;;
16.12.2014;42,1375;42,1375;42,1375;42,1375;;
15.12.2014;42,1128;42,1128;42,1128;42,1128;;
12.12.2014;42,6315;42,6315;42,6315;42,6315;;
11.12.2014;43,242;43,242;43,242;43,242;;
10.12.2014;43,2188;43,2188;43,2188;43,2188;;
09.12.2014;43,816;43,816;43,816;43,816;;
08.12.2014;43,9302;43,9302;43,9302;43,9302;;
05.12.2014;44,2338;44,2338;44,2338;44,2338;;
04.12.2014;44,1857;44,1857;44,1857;44,1857;;
03.12.2014;44,263;44,263;44,263;44,263;;
02.12.2014;44,1634;44,1634;44,1634;44,1634;;
01.12.2014;44,0066;44,0066;44,0066;44,0066;;
28.11.2014;44,2504;44,2504;44,2504;44,2504;;
26.11.2014;44,4662;44,4662;44,4662;44,4662;;
25.11.2014;44,3304;44,3304;44,3304;44,3304;;
21.11.2014;44,1857;44,1857;44,1857;44,1857;;
20.11.2014;43,883;43,883;43,883;43,883;;
19.11.2014;43,8601;43,8601;43,8601;43,8601;;
18.11.2014;43,9482;43,9482;43,9482;43,9482;;
17.11.2014;43,606;43,606;43,606;43,606;;
14.11.2014;43,6624;43,6624;43,6624;43,6624;;
13.11.2014;43,6358;43,6358;43,6358;43,6358;;
12.11.2014;43,5993;43,5993;43,5993;43,5993;;
10.11.2014;43,5813;43,5813;43,5813;43,5813;;
06.11.2014;43,3891;43,3891;43,3891;43,3891;;
05.11.2014;43,3522;43,3522;43,3522;43,3522;;
04.11.2014;43,1354;43,1354;43,1354;43,1354;;
31.10.2014;43,3864;43,3864;43,3864;43,3864;;
30.10.2014;42,9065;42,9065;42,9065;42,9065;;
29.10.2014;42,8316;42,8316;42,8316;42,8316;;
28.10.2014;42,7837;42,7837;42,7837;42,7837;;
27.10.2014;42,333;42,333;42,333;42,333;;
24.10.2014;42,3601;42,3601;42,3601;42,3601;;
23.10.2014;42,159;42,159;42,159;42,159;;
22.10.2014;41,8295;41,8295;41,8295;41,8295;;
21.10.2014;41,9275;41,9275;41,9275;41,9275;;
20.10.2014;41,2896;41,2896;41,2896;41,2896;;
17.10.2014;40,972;40,972;40,972;40,972;;
16.10.2014;40,4394;40,4394;40,4394;40,4394;;
15.10.2014;40,5052;40,5052;40,5052;40,5052;;
14.10.2014;40,8985;40,8985;40,8985;40,8985;;
10.10.2014;41,3038;41,3038;41,3038;41,3038;;
09.10.2014;41,9698;41,9698;41,9698;41,9698;;
08.10.2014;42,4902;42,4902;42,4902;42,4902;;
07.10.2014;42,1767;42,1767;42,1767;42,1767;;
06.10.2014;42,646;42,646;42,646;42,646;;
02.10.2014;42,3448;42,3448;42,3448;42,3448;;
01.10.2014;42,628;42,628;42,628;42,628;;
30.09.2014;43,114;43,114;43,114;43,114;;
29.09.2014;43,2092;43,2092;43,2092;43,2092;;
26.09.2014;43,3527;43,3527;43,3527;43,3527;;
25.09.2014;43,205;43,205;43,205;43,205;;
24.09.2014;43,7274;43,7274;43,7274;43,7274;;
22.09.2014;43,7932;43,7932;43,7932;43,7932;;
19.09.2014;44,1432;44,1432;44,1432;44,1432;;
18.09.2014;44,2041;44,2041;44,2041;44,2041;;
17.09.2014;44,0137;44,0137;44,0137;44,0137;;
16.09.2014;43,9419;43,9419;43,9419;43,9419;;
12.09.2014;43,8638;43,8638;43,8638;43,8638;;
11.09.2014;44,0538;44,0538;44,0538;44,0538;;
10.09.2014;44,0175;44,0175;44,0175;44,0175;;
09.09.2014;43,9475;43,9475;43,9475;43,9475;;
08.09.2014;44,2288;44,2288;44,2288;44,2288;;
05.09.2014;44,3847;44,3847;44,3847;44,3847;;
04.09.2014;44,3326;44,3326;44,3326;44,3326;;
03.09.2014;44,4173;44,4173;44,4173;44,4173;;
02.09.2014;44,287;44,287;44,287;44,287;;
29.08.2014;44,3212;44,3212;44,3212;44,3212;;
28.08.2014;44,2083;44,2083;44,2083;44,2083;;
27.08.2014;44,3661;44,3661;44,3661;44,3661;;
26.08.2014;44,319;44,319;44,319;44,319;;
25.08.2014;44,2194;44,2194;44,2194;44,2194;;
22.08.2014;43,9824;43,9824;43,9824;43,9824;;
21.08.2014;44,1309;44,1309;44,1309;44,1309;;
20.08.2014;43,9752;43,9752;43,9752;43,9752;;
19.08.2014;43,9443;43,9443;43,9443;43,9443;;
18.08.2014;43,7454;43,7454;43,7454;43,7454;;
14.08.2014;43,4453;43,4453;43,4453;43,4453;;
13.08.2014;43,2673;43,2673;43,2673;43,2673;;
12.08.2014;43,0116;43,0116;43,0116;43,0116;;
11.08.2014;43,0677;43,0677;43,0677;43,0677;;
07.08.2014;42,6353;42,6353;42,6353;42,6353;;
06.08.2014;42,8449;42,8449;42,8449;42,8449;;
05.08.2014;42,9598;42,9598;42,9598;42,9598;;
04.08.2014;43,2601;43,2601;43,2601;43,2601;;
01.08.2014;43,1479;43,1479;43,1479;43,1479;;
31.07.2014;43,3651;43,3651;43,3651;43,3651;;
30.07.2014;44,0189;44,0189;44,0189;44,0189;;
29.07.2014;44,1168;44,1168;44,1168;44,1168;;
28.07.2014;44,2176;44,2176;44,2176;44,2176;;
24.07.2014;44,421;44,421;44,421;44,421;;
23.07.2014;44,3664;44,3664;44,3664;44,3664;;
22.07.2014;44,2802;44,2802;44,2802;44,2802;;
18.07.2014;44,1159;44,1159;44,1159;44,1159;;
17.07.2014;43,8829;43,8829;43,8829;43,8829;;
16.07.2014;44,2964;44,2964;44,2964;44,2964;;
15.07.2014;44,0395;44,0395;44,0395;44,0395;;
14.07.2014;44,1812;44,1812;44,1812;44,1812;;
11.07.2014;43,9025;43,9025;43,9025;43,9025;;
10.07.2014;43,8622;43,8622;43,8622;43,8622;;
09.07.2014;44,1544;44,1544;44,1544;44,1544;;
07.07.2014;44,3694;44,3694;44,3694;44,3694;;
03.07.2014;44,6037;44,6037;44,6037;44,6037;;
02.07.2014;44,422;44,422;44,422;44,422;;
01.07.2014;44,3645;44,3645;44,3645;44,3645;;
30.06.2014;44,0742;44,0742;44,0742;44,0742;;
27.06.2014;44,0096;44,0096;44,0096;44,0096;;
26.06.2014;43,9163;43,9163;43,9163;43,9163;;
25.06.2014;43,9308;43,9308;43,9308;43,9308;;
24.06.2014;43,9183;43,9183;43,9183;43,9183;;
20.06.2014;44,1591;44,1591;44,1591;44,1591;;
18.06.2014;43,9132;43,9132;43,9132;43,9132;;
17.06.2014;43,6821;43,6821;43,6821;43,6821;;
16.06.2014;43,6376;43,6376;43,6376;43,6376;;
13.06.2014;43,6439;43,6439;43,6439;43,6439;;
12.06.2014;43,6002;43,6002;43,6002;43,6002;;
11.06.2014;43,74;43,74;43,74;43,74;;
10.06.2014;43,8356;43,8356;43,8356;43,8356;;
06.06.2014;43,8134;43,8134;43,8134;43,8134;;
05.06.2014;43,5859;43,5859;43,5859;43,5859;;
04.06.2014;43,386;43,386;43,386;43,386;;
03.06.2014;43,331;43,331;43,331;43,331;;
02.06.2014;43,3666;43,3666;43,3666;43,3666;;
30.05.2014;43,309;43,309;43,309;43,309;;
28.05.2014;43,0765;43,0765;43,0765;43,0765;;
27.05.2014;43,1084;43,1084;43,1084;43,1084;;
23.05.2014;42,8619;42,8619;42,8619;42,8619;;
21.05.2014;42,5678;42,5678;42,5678;42,5678;;
20.05.2014;42,3458;42,3458;42,3458;42,3458;;
19.05.2014;42,5396;42,5396;42,5396;42,5396;;
16.05.2014;42,4777;42,4777;42,4777;42,4777;;
15.05.2014;42,436;42,436;42,436;42,436;;
14.05.2014;42,7448;42,7448;42,7448;42,7448;;
13.05.2014;42,8024;42,8024;42,8024;42,8024;;
12.05.2014;42,7166;42,7166;42,7166;42,7166;;
09.05.2014;42,4144;42,4144;42,4144;42,4144;;
08.05.2014;42,4928;42,4928;42,4928;42,4928;;
07.05.2014;42,4139;42,4139;42,4139;42,4139;;
02.05.2014;42,5131;42,5131;42,5131;42,5131;;
30.04.2014;42,4715;42,4715;42,4715;42,4715;;
28.04.2014;42,0765;42,0765;42,0765;42,0765;;
25.04.2014;42,0267;42,0267;42,0267;42,0267;;
24.04.2014;42,2843;42,2843;42,2843;42,2843;;
23.04.2014;42,2351;42,2351;42,2351;42,2351;;
22.04.2014;42,2964;42,2964;42,2964;42,2964;;
17.04.2014;41,9885;41,9885;41,9885;41,9885;;
16.04.2014;41,8616;41,8616;41,8616;41,8616;;
15.04.2014;41,403;41,403;41,403;41,403;;
14.04.2014;41,3431;41,3431;41,3431;41,3431;;
11.04.2014;41,186;41,186;41,186;41,186;;
10.04.2014;41,627;41,627;41,627;41,627;;
09.04.2014;42,1072;42,1072;42,1072;42,1072;;
08.04.2014;41,8125;41,8125;41,8125;41,8125;;
07.04.2014;41,6944;41,6944;41,6944;41,6944;;
04.04.2014;42,1202;42,1202;42,1202;42,1202;;
03.04.2014;42,3389;42,3389;42,3389;42,3389;;
02.04.2014;42,3948;42,3948;42,3948;42,3948;;
01.04.2014;42,2953;42,2953;42,2953;42,2953;;
31.03.2014;42,0465;42,0465;42,0465;42,0465;;
28.03.2014;41,7443;41,7443;41,7443;41,7443;;
27.03.2014;41,5241;41,5241;41,5241;41,5241;;
26.03.2014;41,5234;41,5234;41,5234;41,5234;;
25.03.2014;41,5537;41,5537;41,5537;41,5537;;
24.03.2014;41,3082;41,3082;41,3082;41,3082;;
20.03.2014;41,5126;41,5126;41,5126;41,5126;;
19.03.2014;41,6045;41,6045;41,6045;41,6045;;
18.03.2014;41,7898;41,7898;41,7898;41,7898;;
17.03.2014;41,4994;41,4994;41,4994;41,4994;;
14.03.2014;41,1773;41,1773;41,1773;41,1773;;
13.03.2014;41,4419;41,4419;41,4419;41,4419;;
12.03.2014;41,788;41,788;41,788;41,788;;
11.03.2014;41,9381;41,9381;41,9381;41,9381;;
10.03.2014;42,0463;42,0463;42,0463;42,0463;;
07.03.2014;42,1629;42,1629;42,1629;42,1629;;
06.03.2014;42,2846;42,2846;42,2846;42,2846;;
05.03.2014;42,0993;42,0993;42,0993;42,0993;;
04.03.2014;42,0607;42,0607;42,0607;42,0607;;
03.03.2014;41,4974;41,4974;41,4974;41,4974;;
27.02.2014;41,819;41,819;41,819;41,819;;
26.02.2014;41,7213;41,7213;41,7213;41,7213;;
25.02.2014;41,8302;41,8302;41,8302;41,8302;;
24.02.2014;41,8018;41,8018;41,8018;41,8018;;
21.02.2014;41,587;41,587;41,587;41,587;;
20.02.2014;41,4886;41,4886;41,4886;41,4886;;
19.02.2014;41,4618;41,4618;41,4618;41,4618;;
18.02.2014;41,591;41,591;41,591;41,591;;
14.02.2014;41,3238;41,3238;41,3238;41,3238;;
13.02.2014;41,1488;41,1488;41,1488;41,1488;;
12.02.2014;41,0097;41,0097;41,0097;41,0097;;
10.02.2014;40,4712;40,4712;40,4712;40,4712;;
07.02.2014;40,3461;40,3461;40,3461;40,3461;;
06.02.2014;39,8676;39,8676;39,8676;39,8676;;
05.02.2014;39,3515;39,3515;39,3515;39,3515;;
04.02.2014;39,285;39,285;39,285;39,285;;
03.02.2014;39,3346;39,3346;39,3346;39,3346;;
31.01.2014;39,9998;39,9998;39,9998;39,9998;;
30.01.2014;40,2255;40,2255;40,2255;40,2255;;
29.01.2014;40,1293;40,1293;40,1293;40,1293;;
28.01.2014;40,3163;40,3163;40,3163;40,3163;;
27.01.2014;40,1557;40,1557;40,1557;40,1557;;
24.01.2014;40,4923;40,4923;40,4923;40,4923;;
23.01.2014;41,296;41,296;41,296;41,296;;
22.01.2014;41,5779;41,5779;41,5779;41,5779;;
21.01.2014;41,5189;41,5189;41,5189;41,5189;;
17.01.2014;41,4654;41,4654;41,4654;41,4654;;
16.01.2014;41,516;41,516;41,516;41,516;;
15.01.2014;41,5328;41,5328;41,5328;41,5328;;
14.01.2014;41,3237;41,3237;41,3237;41,3237;;
10.01.2014;41,4077;41,4077;41,4077;41,4077;;
09.01.2014;41,1894;41,1894;41,1894;41,1894;;
08.01.2014;41,2848;41,2848;41,2848;41,2848;;
07.01.2014;41,2175;41,2175;41,2175;41,2175;;
06.01.2014;41,0554;41,0554;41,0554;41,0554;;
30.12.2013;41,4277;41,4277;41,4277;41,4277;;
27.12.2013;41,377;41,377;41,377;41,377;;
20.12.2013;40,6774;40,6774;40,6774;40,6774;;
19.12.2013;40,4708;40,4708;40,4708;40,4708;;
18.12.2013;40,3526;40,3526;40,3526;40,3526;;
17.12.2013;39,8277;39,8277;39,8277;39,8277;;
16.12.2013;39,9637;39,9637;39,9637;39,9637;;
13.12.2013;39,6998;39,6998;39,6998;39,6998;;
12.12.2013;39,7251;39,7251;39,7251;39,7251;;
11.12.2013;40,0059;40,0059;40,0059;40,0059;;
10.12.2013;40,3564;40,3564;40,3564;40,3564;;
09.12.2013;40,4408;40,4408;40,4408;40,4408;;
06.12.2013;40,3163;40,3163;40,3163;40,3163;;
05.12.2013;39,9705;39,9705;39,9705;39,9705;;
04.12.2013;40,1168;40,1168;40,1168;40,1168;;
03.12.2013;40,3251;40,3251;40,3251;40,3251;;
02.12.2013;40,5244;40,5244;40,5244;40,5244;;
29.11.2013;40,701;40,701;40,701;40,701;;
27.11.2013;40,6099;40,6099;40,6099;40,6099;;
26.11.2013;40,533;40,533;40,533;40,533;;
25.11.2013;40,5759;40,5759;40,5759;40,5759;;
22.11.2013;40,563;40,563;40,563;40,563;;
21.11.2013;40,3911;40,3911;40,3911;40,3911;;
20.11.2013;40,2649;40,2649;40,2649;40,2649;;
19.11.2013;40,3874;40,3874;40,3874;40,3874;;
18.11.2013;40,5439;40,5439;40,5439;40,5439;;
15.11.2013;40,5098;40,5098;40,5098;40,5098;;
14.11.2013;40,2925;40,2925;40,2925;40,2925;;
13.11.2013;40,0078;40,0078;40,0078;40,0078;;
12.11.2013;39,9218;39,9218;39,9218;39,9218;;
08.11.2013;39,8647;39,8647;39,8647;39,8647;;
07.11.2013;39,6646;39,6646;39,6646;39,6646;;
06.11.2013;40,1372;40,1372;40,1372;40,1372;;
05.11.2013;39,916;39,916;39,916;39,916;;
31.10.2013;40,0015;40,0015;40,0015;40,0015;;
30.10.2013;40,225;40,225;40,225;40,225;;
29.10.2013;40,2855;40,2855;40,2855;40,2855;;
28.10.2013;40,1821;40,1821;40,1821;40,1821;;
25.10.2013;40,1267;40,1267;40,1267;40,1267;;
24.10.2013;40,1259;40,1259;40,1259;40,1259;;
23.10.2013;39,9693;39,9693;39,9693;39,9693;;
22.10.2013;40,194;40,194;40,194;40,194;;
21.10.2013;39,9168;39,9168;39,9168;39,9168;;
18.10.2013;39,878;39,878;39,878;39,878;;
17.10.2013;39,5907;39,5907;39,5907;39,5907;;
16.10.2013;39,1833;39,1833;39,1833;39,1833;;
15.10.2013;38,8785;38,8785;38,8785;38,8785;;
11.10.2013;38,8592;38,8592;38,8592;38,8592;;
10.10.2013;38,5739;38,5739;38,5739;38,5739;;
09.10.2013;37,919;37,919;37,919;37,919;;
08.10.2013;37,9995;37,9995;37,9995;37,9995;;
07.10.2013;38,3271;38,3271;38,3271;38,3271;;
04.10.2013;38,6056;38,6056;38,6056;38,6056;;
02.10.2013;38,6935;38,6935;38,6935;38,6935;;
01.10.2013;38,753;38,753;38,753;38,753;;
30.09.2013;38,506;38,506;38,506;38,506;;
27.09.2013;38,7892;38,7892;38,7892;38,7892;;
26.09.2013;38,8311;38,8311;38,8311;38,8311;;
25.09.2013;38,7307;38,7307;38,7307;38,7307;;
24.09.2013;38,7743;38,7743;38,7743;38,7743;;
20.09.2013;38,962;38,962;38,962;38,962;;
19.09.2013;39,2084;39,2084;39,2084;39,2084;;
18.09.2013;38,9172;38,9172;38,9172;38,9172;;
17.09.2013;38,5603;38,5603;38,5603;38,5603;;
13.09.2013;38,2239;38,2239;38,2239;38,2239;;
12.09.2013;38,2041;38,2041;38,2041;38,2041;;
11.09.2013;38,2696;38,2696;38,2696;38,2696;;
10.09.2013;38,1017;38,1017;38,1017;38,1017;;
09.09.2013;37,7718;37,7718;37,7718;37,7718;;
06.09.2013;37,4336;37,4336;37,4336;37,4336;;
05.09.2013;37,3119;37,3119;37,3119;37,3119;;
04.09.2013;37,2777;37,2777;37,2777;37,2777;;
03.09.2013;37,0173;37,0173;37,0173;37,0173;;
30.08.2013;36,6809;36,6809;36,6809;36,6809;;
29.08.2013;36,8881;36,8881;36,8881;36,8881;;
28.08.2013;36,8587;36,8587;36,8587;36,8587;;
27.08.2013;36,9622;36,9622;36,9622;36,9622;;
26.08.2013;37,4598;37,4598;37,4598;37,4598;;
23.08.2013;37,5602;37,5602;37,5602;37,5602;;
22.08.2013;37,2913;37,2913;37,2913;37,2913;;
21.08.2013;37,0884;37,0884;37,0884;37,0884;;
20.08.2013;37,3543;37,3543;37,3543;37,3543;;
19.08.2013;37,3719;37,3719;37,3719;37,3719;;
16.08.2013;37,5518;37,5518;37,5518;37,5518;;
14.08.2013;38,0017;38,0017;38,0017;38,0017;;
13.08.2013;37,9917;37,9917;37,9917;37,9917;;
12.08.2013;37,91;37,91;37,91;37,91;;
09.08.2013;37,9811;37,9811;37,9811;37,9811;;
08.08.2013;38,0008;38,0008;38,0008;38,0008;;
07.08.2013;37,7859;37,7859;37,7859;37,7859;;
06.08.2013;37,9902;37,9902;37,9902;37,9902;;
02.08.2013;38,1327;38,1327;38,1327;38,1327;;
01.08.2013;37,9105;37,9105;37,9105;37,9105;;
31.07.2013;37,4864;37,4864;37,4864;37,4864;;
30.07.2013;37,5432;37,5432;37,5432;37,5432;;
29.07.2013;37,5058;37,5058;37,5058;37,5058;;
26.07.2013;37,6884;37,6884;37,6884;37,6884;;
25.07.2013;37,7264;37,7264;37,7264;37,7264;;
24.07.2013;37,7427;37,7427;37,7427;37,7427;;
23.07.2013;37,7771;37,7771;37,7771;37,7771;;
22.07.2013;37,7977;37,7977;37,7977;37,7977;;
19.07.2013;37,6221;37,6221;37,6221;37,6221;;
18.07.2013;37,5626;37,5626;37,5626;37,5626;;
17.07.2013;37,3687;37,3687;37,3687;37,3687;;
16.07.2013;37,2958;37,2958;37,2958;37,2958;;
12.07.2013;37,242;37,242;37,242;37,242;;
11.07.2013;37,2017;37,2017;37,2017;37,2017;;
10.07.2013;36,6205;36,6205;36,6205;36,6205;;
09.07.2013;36,4987;36,4987;36,4987;36,4987;;
08.07.2013;36,2267;36,2267;36,2267;36,2267;;
05.07.2013;36,0129;36,0129;36,0129;36,0129;;
03.07.2013;35,8021;35,8021;35,8021;35,8021;;
02.07.2013;35,9075;35,9075;35,9075;35,9075;;
01.07.2013;35,8912;35,8912;35,8912;35,8912;;
28.06.2013;35,6222;35,6222;35,6222;35,6222;;
27.06.2013;35,6836;35,6836;35,6836;35,6836;;
26.06.2013;35,4203;35,4203;35,4203;35,4203;;
25.06.2013;35,0897;35,0897;35,0897;35,0897;;
24.06.2013;34,8015;34,8015;34,8015;34,8015;;
21.06.2013;35,2995;35,2995;35,2995;35,2995;;
20.06.2013;35,3664;35,3664;35,3664;35,3664;;
19.06.2013;36,6306;36,6306;36,6306;36,6306;;
17.06.2013;36,6812;36,6812;36,6812;36,6812;;
14.06.2013;36,3559;36,3559;36,3559;36,3559;;
13.06.2013;36,3655;36,3655;36,3655;36,3655;;
12.06.2013;36,2007;36,2007;36,2007;36,2007;;
11.06.2013;36,3327;36,3327;36,3327;36,3327;;
10.06.2013;36,5738;36,5738;36,5738;36,5738;;
07.06.2013;36,4998;36,4998;36,4998;36,4998;;
06.06.2013;36,1196;36,1196;36,1196;36,1196;;
05.06.2013;36,0183;36,0183;36,0183;36,0183;;
04.06.2013;36,569;36,569;36,569;36,569;;
03.06.2013;36,5501;36,5501;36,5501;36,5501;;
31.05.2013;36,529;36,529;36,529;36,529;;
29.05.2013;36,9548;36,9548;36,9548;36,9548;;
28.05.2013;37,1408;37,1408;37,1408;37,1408;;
24.05.2013;37,0321;37,0321;37,0321;37,0321;;
23.05.2013;37,046;37,046;37,046;37,046;;
22.05.2013;37,5263;37,5263;37,5263;37,5263;;
21.05.2013;37,7116;37,7116;37,7116;37,7116;;
17.05.2013;37,5142;37,5142;37,5142;37,5142;;
16.05.2013;37,3865;37,3865;37,3865;37,3865;;
15.05.2013;37,4542;37,4542;37,4542;37,4542;;
14.05.2013;37,321;37,321;37,321;37,321;;
13.05.2013;37,1015;37,1015;37,1015;37,1015;;
10.05.2013;37,0565;37,0565;37,0565;37,0565;;
08.05.2013;37,2313;37,2313;37,2313;37,2313;;
07.05.2013;36,9283;36,9283;36,9283;36,9283;;
02.05.2013;36,3659;36,3659;36,3659;36,3659;;
30.04.2013;36,5162;36,5162;36,5162;36,5162;;
26.04.2013;36,0481;36,0481;36,0481;36,0481;;
25.04.2013;36,0787;36,0787;36,0787;36,0787;;
24.04.2013;35,8629;35,8629;35,8629;35,8629;;
23.04.2013;35,6821;35,6821;35,6821;35,6821;;
22.04.2013;35,2654;35,2654;35,2654;35,2654;;
19.04.2013;35,1444;35,1444;35,1444;35,1444;;
18.04.2013;34,9282;34,9282;34,9282;34,9282;;
17.04.2013;35,1003;35,1003;35,1003;35,1003;;
16.04.2013;35,545;35,545;35,545;35,545;;
15.04.2013;35,3536;35,3536;35,3536;35,3536;;
12.04.2013;35,9761;35,9761;35,9761;35,9761;;
11.04.2013;36,1256;36,1256;36,1256;36,1256;;
10.04.2013;35,864;35,864;35,864;35,864;;
09.04.2013;35,3814;35,3814;35,3814;35,3814;;
05.04.2013;35,0293;35,0293;35,0293;35,0293;;
04.04.2013;35,1045;35,1045;35,1045;35,1045;;
03.04.2013;35,186;35,186;35,186;35,186;;
02.04.2013;35,4235;35,4235;35,4235;35,4235;;
28.03.2013;35,4035;35,4035;35,4035;35,4035;;
27.03.2013;35,2628;35,2628;35,2628;35,2628;;
26.03.2013;35,3264;35,3264;35,3264;35,3264;;
25.03.2013;35,1734;35,1734;35,1734;35,1734;;
22.03.2013;35,3124;35,3124;35,3124;35,3124;;
21.03.2013;35,172;35,172;35,172;35,172;;
19.03.2013;35,1639;35,1639;35,1639;35,1639;;
18.03.2013;35,2675;35,2675;35,2675;35,2675;;
15.03.2013;35,5973;35,5973;35,5973;35,5973;;
14.03.2013;35,4913;35,4913;35,4913;35,4913;;
13.03.2013;35,235;35,235;35,235;35,235;;
12.03.2013;35,3042;35,3042;35,3042;35,3042;;
11.03.2013;35,3415;35,3415;35,3415;35,3415;;
08.03.2013;35,1894;35,1894;35,1894;35,1894;;
07.03.2013;35,0928;35,0928;35,0928;35,0928;;
06.03.2013;35,0198;35,0198;35,0198;35,0198;;
05.03.2013;34,9607;34,9607;34,9607;34,9607;;
04.03.2013;34,5819;34,5819;34,5819;34,5819;;
01.03.2013;34,4996;34,4996;34,4996;34,4996;;
27.02.2013;34,4383;34,4383;34,4383;34,4383;;
26.02.2013;34,1033;34,1033;34,1033;34,1033;;
25.02.2013;34,2209;34,2209;34,2209;34,2209;;
22.02.2013;34,4777;34,4777;34,4777;34,4777;;
21.02.2013;34,2309;34,2309;34,2309;34,2309;;
20.02.2013;34,6678;34,6678;34,6678;34,6678;;
19.02.2013;34,9035;34,9035;34,9035;34,9035;;
15.02.2013;34,5778;34,5778;34,5778;34,5778;;
14.02.2013;34,6874;34,6874;34,6874;34,6874;;
13.02.2013;34,7404;34,7404;34,7404;34,7404;;
12.02.2013;34,7237;34,7237;34,7237;34,7237;;
08.02.2013;34,6359;34,6359;34,6359;34,6359;;
07.02.2013;34,4211;34,4211;34,4211;34,4211;;
06.02.2013;34,5715;34,5715;34,5715;34,5715;;
05.02.2013;34,4902;34,4902;34,4902;34,4902;;
04.02.2013;34,3544;34,3544;34,3544;34,3544;;
01.02.2013;34,7735;34,7735;34,7735;34,7735;;
30.01.2013;34,5891;34,5891;34,5891;34,5891;;
29.01.2013;34,6148;34,6148;34,6148;34,6148;;
28.01.2013;34,4265;34,4265;34,4265;34,4265;;
25.01.2013;34,4862;34,4862;34,4862;34,4862;;
24.01.2013;34,2575;34,2575;34,2575;34,2575;;
23.01.2013;34,1775;34,1775;34,1775;34,1775;;
22.01.2013;34,1907;34,1907;34,1907;34,1907;;
18.01.2013;34,0553;34,0553;34,0553;34,0553;;
17.01.2013;34,0074;34,0074;34,0074;34,0074;;
16.01.2013;33,8295;33,8295;33,8295;33,8295;;
15.01.2013;33,9204;33,9204;33,9204;33,9204;;
11.01.2013;33,8993;33,8993;33,8993;33,8993;;
10.01.2013;33,8134;33,8134;33,8134;33,8134;;
09.01.2013;33,5348;33,5348;33,5348;33,5348;;
08.01.2013;33,4142;33,4142;33,4142;33,4142;;
07.01.2013;33,5241;33,5241;33,5241;33,5241;;
04.01.2013;33,6033;33,6033;33,6033;33,6033;;
28.12.2012;32,5393;32,5393;32,5393;32,5393;;
27.12.2012;32,7691;32,7691;32,7691;32,7691;;
21.12.2012;32,8766;32,8766;32,8766;32,8766;;
20.12.2012;33,139;33,139;33,139;33,139;;
19.12.2012;33,0639;33,0639;33,0639;33,0639;;
18.12.2012;33,0395;33,0395;33,0395;33,0395;;
17.12.2012;32,7279;32,7279;32,7279;32,7279;;
14.12.2012;32,4888;32,4888;32,4888;32,4888;;
13.12.2012;32,5399;32,5399;32,5399;32,5399;;
12.12.2012;32,6503;32,6503;32,6503;32,6503;;
11.12.2012;32,5885;32,5885;32,5885;32,5885;;
10.12.2012;32,393;32,393;32,393;32,393;;
07.12.2012;32,3628;32,3628;32,3628;32,3628;;
06.12.2012;32,3216;32,3216;32,3216;32,3216;;
05.12.2012;32,2284;32,2284;32,2284;32,2284;;
04.12.2012;32,1895;32,1895;32,1895;32,1895;;
03.12.2012;32,1952;32,1952;32,1952;32,1952;;
30.11.2012;32,2252;32,2252;32,2252;32,2252;;
29.11.2012;32,2048;32,2048;32,2048;32,2048;;
28.11.2012;31,9369;31,9369;31,9369;31,9369;;
27.11.2012;31,8216;31,8216;31,8216;31,8216;;
26.11.2012;31,9009;31,9009;31,9009;31,9009;;
21.11.2012;31,4508;31,4508;31,4508;31,4508;;
20.11.2012;31,3726;31,3726;31,3726;31,3726;;
19.11.2012;31,3609;31,3609;31,3609;31,3609;;
16.11.2012;30,6845;30,6845;30,6845;30,6845;;
15.11.2012;30,6959;30,6959;30,6959;30,6959;;
14.11.2012;30,7743;30,7743;30,7743;30,7743;;
13.11.2012;31,1249;31,1249;31,1249;31,1249;;
09.11.2012;31,2229;31,2229;31,2229;31,2229;;
08.11.2012;31,2329;31,2329;31,2329;31,2329;;
07.11.2012;31,5329;31,5329;31,5329;31,5329;;
06.11.2012;32,0637;32,0637;32,0637;32,0637;;
05.11.2012;31,867;31,867;31,867;31,867;;
02.11.2012;31,9252;31,9252;31,9252;31,9252;;
31.10.2012;31,8201;31,8201;31,8201;31,8201;;
30.10.2012;31,8349;31,8349;31,8349;31,8349;;
29.10.2012;31,7069;31,7069;31,7069;31,7069;;
26.10.2012;31,7874;31,7874;31,7874;31,7874;;
25.10.2012;31,8497;31,8497;31,8497;31,8497;;
24.10.2012;31,7514;31,7514;31,7514;31,7514;;
23.10.2012;31,7785;31,7785;31,7785;31,7785;;
22.10.2012;32,2883;32,2883;32,2883;32,2883;;
19.10.2012;32,3233;32,3233;32,3233;32,3233;;
18.10.2012;32,7453;32,7453;32,7453;32,7453;;
17.10.2012;32,7475;32,7475;32,7475;32,7475;;
16.10.2012;32,4939;32,4939;32,4939;32,4939;;
15.10.2012;32,0873;32,0873;32,0873;32,0873;;
12.10.2012;31,9227;31,9227;31,9227;31,9227;;
11.10.2012;31,9911;31,9911;31,9911;31,9911;;
10.10.2012;31,8988;31,8988;31,8988;31,8988;;
09.10.2012;32,0994;32,0994;32,0994;32,0994;;
05.10.2012;32,6173;32,6173;32,6173;32,6173;;
04.10.2012;32,4725;32,4725;32,4725;32,4725;;
02.10.2012;32,2364;32,2364;32,2364;32,2364;;
01.10.2012;32,2191;32,2191;32,2191;32,2191;;
28.09.2012;32,0391;32,0391;32,0391;32,0391;;
27.09.2012;32,2495;32,2495;32,2495;32,2495;;
26.09.2012;31,9847;31,9847;31,9847;31,9847;;
25.09.2012;32,3896;32,3896;32,3896;32,3896;;
24.09.2012;32,4983;32,4983;32,4983;32,4983;;
21.09.2012;32,6467;32,6467;32,6467;32,6467;;
20.09.2012;32,5599;32,5599;32,5599;32,5599;;
19.09.2012;32,7283;32,7283;32,7283;32,7283;;
18.09.2012;32,6209;32,6209;32,6209;32,6209;;
14.09.2012;32,8754;32,8754;32,8754;32,8754;;
13.09.2012;32,4329;32,4329;32,4329;32,4329;;
12.09.2012;32,118;32,118;32,118;32,118;;
11.09.2012;31,9913;31,9913;31,9913;31,9913;;
10.09.2012;31,8591;31,8591;31,8591;31,8591;;
07.09.2012;31,9981;31,9981;31,9981;31,9981;;
06.09.2012;31,6428;31,6428;31,6428;31,6428;;
05.09.2012;31,0459;31,0459;31,0459;31,0459;;
04.09.2012;31,074;31,074;31,074;31,074;;
31.08.2012;31,1813;31,1813;31,1813;31,1813;;
30.08.2012;31,0056;31,0056;31,0056;31,0056;;
29.08.2012;31,2747;31,2747;31,2747;31,2747;;
28.08.2012;31,2941;31,2941;31,2941;31,2941;;
27.08.2012;31,3487;31,3487;31,3487;31,3487;;
24.08.2012;31,3301;31,3301;31,3301;31,3301;;
23.08.2012;31,3138;31,3138;31,3138;31,3138;;
22.08.2012;31,3757;31,3757;31,3757;31,3757;;
21.08.2012;31,5101;31,5101;31,5101;31,5101;;
20.08.2012;31,4186;31,4186;31,4186;31,4186;;
17.08.2012;31,4252;31,4252;31,4252;31,4252;;
16.08.2012;31,3605;31,3605;31,3605;31,3605;;
14.08.2012;31,1015;31,1015;31,1015;31,1015;;
13.08.2012;31,069;31,069;31,069;31,069;;
10.08.2012;31,1176;31,1176;31,1176;31,1176;;
09.08.2012;31,1033;31,1033;31,1033;31,1033;;
08.08.2012;31,0567;31,0567;31,0567;31,0567;;
07.08.2012;31,0469;31,0469;31,0469;31,0469;;
06.08.2012;30,8387;30,8387;30,8387;30,8387;;
03.08.2012;30,6387;30,6387;30,6387;30,6387;;
02.08.2012;30,0367;30,0367;30,0367;30,0367;;
01.08.2012;30,3556;30,3556;30,3556;30,3556;;
31.07.2012;30,4128;30,4128;30,4128;30,4128;;
30.07.2012;30,4941;30,4941;30,4941;30,4941;;
27.07.2012;30,3992;30,3992;30,3992;30,3992;;
26.07.2012;29,8579;29,8579;29,8579;29,8579;;
25.07.2012;29,2232;29,2232;29,2232;29,2232;;
24.07.2012;29,2493;29,2493;29,2493;29,2493;;
23.07.2012;29,4716;29,4716;29,4716;29,4716;;
20.07.2012;29,9419;29,9419;29,9419;29,9419;;
19.07.2012;30,3425;30,3425;30,3425;30,3425;;
18.07.2012;30,1288;30,1288;30,1288;30,1288;;
17.07.2012;29,8846;29,8846;29,8846;29,8846;;
13.07.2012;29,7988;29,7988;29,7988;29,7988;;
12.07.2012;29,3574;29,3574;29,3574;29,3574;;
11.07.2012;29,6333;29,6333;29,6333;29,6333;;
10.07.2012;29,6299;29,6299;29,6299;29,6299;;
09.07.2012;29,7556;29,7556;29,7556;29,7556;;
06.07.2012;29,8814;29,8814;29,8814;29,8814;;
05.07.2012;30,2006;30,2006;30,2006;30,2006;;
03.07.2012;30,4134;30,4134;30,4134;30,4134;;
02.07.2012;30,1425;30,1425;30,1425;30,1425;;
29.06.2012;30,0265;30,0265;30,0265;30,0265;;
28.06.2012;29,1559;29,1559;29,1559;29,1559;;
27.06.2012;29,2042;29,2042;29,2042;29,2042;;
26.06.2012;28,9237;28,9237;28,9237;28,9237;;
25.06.2012;28,8656;28,8656;28,8656;28,8656;;
22.06.2012;29,2913;29,2913;29,2913;29,2913;;
21.06.2012;29,3203;29,3203;29,3203;29,3203;;
20.06.2012;29,862;29,862;29,862;29,862;;
19.06.2012;29,804;29,804;29,804;29,804;;
18.06.2012;29,4267;29,4267;29,4267;29,4267;;
15.06.2012;29,3493;29,3493;29,3493;29,3493;;
14.06.2012;29,0494;29,0494;29,0494;29,0494;;
13.06.2012;28,9043;28,9043;28,9043;28,9043;;
12.06.2012;28,943;28,943;28,943;28,943;;
11.06.2012;28,7496;28,7496;28,7496;28,7496;;
08.06.2012;28,8656;28,8656;28,8656;28,8656;;
06.06.2012;28,7302;28,7302;28,7302;28,7302;;
05.06.2012;28,1111;28,1111;28,1111;28,1111;;
04.06.2012;27,937;27,937;27,937;27,937;;
01.06.2012;27,9757;27,9757;27,9757;27,9757;;
31.05.2012;28,5754;28,5754;28,5754;28,5754;;
30.05.2012;28,6625;28,6625;28,6625;28,6625;;
29.05.2012;29,1462;29,1462;29,1462;29,1462;;
25.05.2012;28,827;28,827;28,827;28,827;;
24.05.2012;28,8947;28,8947;28,8947;28,8947;;
23.05.2012;28,7883;28,7883;28,7883;28,7883;;
22.05.2012;29,0881;29,0881;29,0881;29,0881;;
21.05.2012;28,885;28,885;28,885;28,885;;
18.05.2012;28,5658;28,5658;28,5658;28,5658;;
16.05.2012;29,1945;29,1945;29,1945;29,1945;;
15.05.2012;29,4074;29,4074;29,4074;29,4074;;
14.05.2012;29,6589;29,6589;29,6589;29,6589;;
11.05.2012;30,0845;30,0845;30,0845;30,0845;;
10.05.2012;30,1522;30,1522;30,1522;30,1522;;
09.05.2012;30,0265;30,0265;30,0265;30,0265;;
08.05.2012;30,249;30,249;30,249;30,249;;
07.05.2012;30,5005;30,5005;30,5005;30,5005;;
02.05.2012;31,226;31,226;31,226;31,226;;
27.04.2012;31,3808;31,3808;31,3808;31,3808;;
26.04.2012;31,2453;31,2453;31,2453;31,2453;;
25.04.2012;31,0519;31,0519;31,0519;31,0519;;
24.04.2012;30,7133;30,7133;30,7133;30,7133;;
23.04.2012;30,5295;30,5295;30,5295;30,5295;;
20.04.2012;30,9454;30,9454;30,9454;30,9454;;
19.04.2012;30,839;30,839;30,839;30,839;;
18.04.2012;30,9938;30,9938;30,9938;30,9938;;
17.04.2012;31,0615;31,0615;31,0615;31,0615;;
16.04.2012;30,5779;30,5779;30,5779;30,5779;;
12.04.2012;30,9938;30,9938;30,9938;30,9938;;
11.04.2012;30,5585;30,5585;30,5585;30,5585;;
10.04.2012;30,3844;30,3844;30,3844;30,3844;;
04.04.2012;31,1583;31,1583;31,1583;31,1583;;
03.04.2012;31,7677;31,7677;31,7677;31,7677;;
02.04.2012;31,9418;31,9418;31,9418;31,9418;;
29.03.2012;31,4775;31,4775;31,4775;31,4775;;
28.03.2012;31,6516;31,6516;31,6516;31,6516;;
27.03.2012;31,8451;31,8451;31,8451;31,8451;;
26.03.2012;31,8741;31,8741;31,8741;31,8741;;
22.03.2012; ; ; ;31,4189;;
21.03.2012;31,6032;31,6032;31,6032;31,6032;;
19.03.2012;31,9225;31,9225;31,9225;31,9225;;
16.03.2012; ; ; ;31,8135;;
15.03.2012;31,6516;31,6516;31,6516;31,6516;;
14.03.2012;31,4388;31,4388;31,4388;31,4388;;
13.03.2012;31,5065;31,5065;31,5065;31,5065;;
12.03.2012;31,0422;31,0422;31,0422;31,0422;;
08.03.2012;31,0615;31,0615;31,0615;31,0615;;
07.03.2012;30,5875;30,5875;30,5875;30,5875;;
06.03.2012;30,4521;30,4521;30,4521;30,4521;;
05.03.2012;31,0905;31,0905;31,0905;31,0905;;
01.03.2012;31,3808;31,3808;31,3808;31,3808;;
29.02.2012;31,2453;31,2453;31,2453;31,2453;;
28.02.2012;31,3421;31,3421;31,3421;31,3421;;
27.02.2012;31,2163;31,2163;31,2163;31,2163;;
23.02.2012;31,1196;31,1196;31,1196;31,1196;;
22.02.2012;30,9841;30,9841;30,9841;30,9841;;
21.02.2012;31,1196;31,1196;31,1196;31,1196;;
16.02.2012;30,7617;30,7617;30,7617;30,7617;;
15.02.2012;30,6262;30,6262;30,6262;30,6262;;
14.02.2012;30,5972;30,5972;30,5972;30,5972;;
13.02.2012;30,723;30,723;30,723;30,723;;
09.02.2012;30,839;30,839;30,839;30,839;;
08.02.2012;30,7713;30,7713;30,7713;30,7713;;
02.02.2012;30,249;30,249;30,249;30,249;;
01.02.2012;30,2006;30,2006;30,2006;30,2006;;
31.01.2012;29,7943;29,7943;29,7943;29,7943;;
30.01.2012;29,7459;29,7459;29,7459;29,7459;;
26.01.2012;30,0265;30,0265;30,0265;30,0265;;
25.01.2012;29,8523;29,8523;29,8523;29,8523;;
24.01.2012;29,6976;29,6976;29,6976;29,6976;;
23.01.2012;29,833;29,833;29,833;29,833;;
19.01.2012;29,6008;29,6008;29,6008;29,6008;;
18.01.2012;29,3396;29,3396;29,3396;29,3396;;
17.01.2012;29,0785;29,0785;29,0785;29,0785;;
12.01.2012;28,9817;28,9817;28,9817;28,9817;;
11.01.2012;28,9043;28,9043;28,9043;28,9043;;
10.01.2012;28,9817;28,9817;28,9817;28,9817;;
05.01.2012;28,7302;28,7302;28,7302;28,7302;;
04.01.2012;28,885;28,885;28,885;28,885;;
29.12.2011;28,2562;28,2562;28,2562;28,2562;;
28.12.2011;28,0241;28,0241;28,0241;28,0241;;
27.12.2011;28,3916;28,3916;28,3916;28,3916;;
22.12.2011;28,1498;28,1498;28,1498;28,1498;;
21.12.2011;27,9273;27,9273;27,9273;27,9273;;
20.12.2011;27,9176;27,9176;27,9176;27,9176;;
19.12.2011;27,2308;27,2308;27,2308;27,2308;;
15.12.2011;27,405;27,405;27,405;27,405;;
14.12.2011;27,3179;27,3179;27,3179;27,3179;;
13.12.2011;27,8016;27,8016;27,8016;27,8016;;
12.12.2011;28,0337;28,0337;28,0337;28,0337;;
08.12.2011;28,1692;28,1692;28,1692;28,1692;;
07.12.2011;28,7109;28,7109;28,7109;28,7109;;
06.12.2011;28,6141;28,6141;28,6141;28,6141;;
05.12.2011;28,7496;28,7496;28,7496;28,7496;;
01.12.2011;28,4013;28,4013;28,4013;28,4013;;
30.11.2011;28,4013;28,4013;28,4013;28,4013;;
29.11.2011;27,3179;27,3179;27,3179;27,3179;;
28.11.2011;27,1438;27,1438;27,1438;27,1438;;
22.11.2011;27,0083;27,0083;27,0083;27,0083;;
21.11.2011;27,1051;27,1051;27,1051;27,1051;;
17.11.2011;27,8596;27,8596;27,8596;27,8596;;
16.11.2011;28,2465;28,2465;28,2465;28,2465;;
15.11.2011;28,5271;28,5271;28,5271;28,5271;;
14.11.2011;28,6045;28,6045;28,6045;28,6045;;
10.11.2011;28,2369;28,2369;28,2369;28,2369;;
09.11.2011;28,2659;28,2659;28,2659;28,2659;;
08.11.2011;29,1075;29,1075;29,1075;29,1075;;
07.11.2011;28,8366;28,8366;28,8366;28,8366;;
02.11.2011;28,4594;28,4594;28,4594;28,4594;;
31.10.2011;29,1172;29,1172;29,1172;29,1172;;
27.10.2011;29,9201;29,9201;29,9201;29,9201;;
26.10.2011;28,7109;28,7109;28,7109;28,7109;;
25.10.2011;28,6045;28,6045;28,6045;28,6045;;
24.10.2011;28,9914;28,9914;28,9914;28,9914;;
20.10.2011;27,908;27,908;27,908;27,908;;
19.10.2011;28,1014;28,1014;28,1014;28,1014;;
18.10.2011;28,1595;28,1595;28,1595;28,1595;;
17.10.2011;28,0241;28,0241;28,0241;28,0241;;
13.10.2011;27,966;27,966;27,966;27,966;;
12.10.2011;28,1208;28,1208;28,1208;28,1208;;
11.10.2011;27,7242;27,7242;27,7242;27,7242;;
06.10.2011;26,8729;26,8729;26,8729;26,8729;;
05.10.2011;26,2151;26,2151;26,2151;26,2151;;
04.10.2011;25,6927;25,6927;25,6927;25,6927;;
29.09.2011;27,0083;27,0083;27,0083;27,0083;;
28.09.2011;26,8342;26,8342;26,8342;26,8342;;
26.09.2011;26,4956;26,4956;26,4956;26,4956;;
22.09.2011;26,012;26,012;26,012;26,012;;
21.09.2011;27,1534;27,1534;27,1534;27,1534;;
20.09.2011;27,7435;27,7435;27,7435;27,7435;;
15.09.2011;27,9273;27,9273;27,9273;27,9273;;
14.09.2011;27,3372;27,3372;27,3372;27,3372;;
13.09.2011;27,0857;27,0857;27,0857;27,0857;;
12.09.2011;26,7955;26,7955;26,7955;26,7955;;
08.09.2011;27,9176;27,9176;27,9176;27,9176;;
07.09.2011;28,0144;28,0144;28,0144;28,0144;;
06.09.2011;27,2502;27,2502;27,2502;27,2502;;
01.09.2011;28,7109;28,7109;28,7109;28,7109;;
31.08.2011;28,8947;28,8947;28,8947;28,8947;;
30.08.2011;28,5368;28,5368;28,5368;28,5368;;
29.08.2011;28,411;28,411;28,411;28,411;;
25.08.2011;27,5404;27,5404;27,5404;27,5404;;
24.08.2011;27,8693;27,8693;27,8693;27,8693;;
23.08.2011;27,6081;27,6081;27,6081;27,6081;;
22.08.2011;26,9793;26,9793;26,9793;26,9793;;
16.08.2011;28,5271;28,5271;28,5271;28,5271;;
11.08.2011;27,8016;27,8016;27,8016;27,8016;;
10.08.2011;26,9406;26,9406;26,9406;26,9406;;
09.08.2011;27,7532;27,7532;27,7532;27,7532;;
08.08.2011;26,989;26,989;26,989;26,989;;
04.08.2011;28,7883;28,7883;28,7883;28,7883;;
03.08.2011;30,0845;30,0845;30,0845;30,0845;;
02.08.2011;30,2296;30,2296;30,2296;30,2296;;
01.08.2011;30,8874;30,8874;30,8874;30,8874;;
28.07.2011;31,255;31,255;31,255;31,255;;
27.07.2011;31,4001;31,4001;31,4001;31,4001;;
26.07.2011;31,9612;31,9612;31,9612;31,9612;;
25.07.2011;31,9225;31,9225;31,9225;31,9225;;
21.07.2011;31,9902;31,9902;31,9902;31,9902;;
20.07.2011;31,5259;31,5259;31,5259;31,5259;;
08.07.2011; ; ; ;31,9795;;
07.07.2011; ; ; ;32,1995;;
06.07.2011; ; ; ;31,9508;;
05.07.2011; ; ; ;32,0408;;
01.07.2011; ; ; ;31,9896;;
30.06.2011; ; ; ;31,6873;;
29.06.2011; ; ; ;31,2772;;
28.06.2011; ; ; ;30,8572;;
27.06.2011; ; ; ;30,503;;
24.06.2011; ; ; ;30,3533;;
22.06.2011; ; ; ;30,9257;;
21.06.2011; ; ; ;30,9779;;
20.06.2011; ; ; ;30,4955;;
17.06.2011; ; ; ;30,471;;
16.06.2011; ; ; ;30,3042;;
15.06.2011; ; ; ;30,5502;;
14.06.2011; ; ; ;31,07;;
10.06.2011; ; ; ;30,6524;;
09.06.2011; ; ; ;31,1125;;
08.06.2011; ; ; ;30,9679;;
07.06.2011; ; ; ;31,2047;;
06.06.2011; ; ; ;31,1537;;
03.06.2011; ; ; ;31,3989;;
01.06.2011; ; ; ;31,763;;
31.05.2011; ; ; ;32,2043;;
27.05.2011; ; ; ;31,8179;;
26.05.2011; ; ; ;31,5407;;
25.05.2011; ; ; ;31,3764;;
24.05.2011; ; ; ;31,268;;
23.05.2011; ; ; ;31,2185;;
20.05.2011; ; ; ;31,7533;;
19.05.2011; ; ; ;31,9628;;
18.05.2011; ; ; ;31,8728;;
17.05.2011; ; ; ;31,5666;;
16.05.2011; ; ; ;31,737;;
13.05.2011; ; ; ;31,8839;;
12.05.2011; ; ; ;32,067;;
11.05.2011; ; ; ;32,2097;;
10.05.2011; ; ; ;32,4074;;
09.05.2011; ; ; ;32,1073;;
06.05.2011; ; ; ;32,2338;;
02.05.2011; ; ; ;32,9708;;
28.04.2011; ; ; ;32,7939;;
27.04.2011; ; ; ;32,4707;;
26.04.2011; ; ; ;32,3531;;
21.04.2011; ; ; ;32,2156;;
20.04.2011; ; ; ;31,9537;;
19.04.2011; ; ; ;31,3404;;
18.04.2011; ; ; ;31,1598;;
15.04.2011; ; ; ;31,6523;;
14.04.2011; ; ; ;31,6158;;
13.04.2011; ; ; ;31,6642;;
12.04.2011; ; ; ;31,545;;
11.04.2011; ; ; ;31,8947;;
08.04.2011; ; ; ;31,9608;;
07.04.2011; ; ; ;31,8113;;
06.04.2011; ; ; ;31,896;;
05.04.2011; ; ; ;31,7668;;
04.04.2011; ; ; ;31,8134;;
01.04.2011; ; ; ;31,7094;;
31.03.2011; ; ; ;31,5523;;
30.03.2011; ; ; ;31,5771;;
29.03.2011; ; ; ;31,2864;;
28.03.2011; ; ; ;31,2033;;
25.03.2011; ; ; ;31,304;;
24.03.2011; ; ; ;31,2598;;
23.03.2011; ; ; ;30,9646;;
22.03.2011; ; ; ;30,9492;;
18.03.2011; ; ; ;30,384;;
17.03.2011; ; ; ;30,2085;;
16.03.2011; ; ; ;29,7465;;
15.03.2011; ; ; ;30,0193;;
14.03.2011; ; ; ;30,7143;;
11.03.2011; ; ; ;31,0395;;
10.03.2011; ; ; ;30,9991;;
09.03.2011; ; ; ;31,6143;;
08.03.2011; ; ; ;31,6407;;
07.03.2011; ; ; ;31,5869;;
04.03.2011; ; ; ;31,8104;;
03.03.2011; ; ; ;31,894;;
02.03.2011; ; ; ;31,5558;;
01.03.2011; ; ; ;31,6204;;
28.02.2011; ; ; ;31,8739;;
25.02.2011; ; ; ;31,628;;
24.02.2011; ; ; ;31,2884;;
23.02.2011; ; ; ;31,3477;;
22.02.2011; ; ; ;31,5394;;
18.02.2011; ; ; ;32,1162;;
17.02.2011; ; ; ;32,0464;;
16.02.2011; ; ; ;31,8648;;
15.02.2011; ; ; ;31,68;;
14.02.2011; ; ; ;31,6916;;
10.02.2011; ; ; ;31,5208;;
09.02.2011; ; ; ;31,626;;
08.02.2011; ; ; ;31,7353;;
07.02.2011; ; ; ;31,5442;;
04.02.2011; ; ; ;31,3616;;
03.02.2011; ; ; ;31,3213;;
02.02.2011; ; ; ;31,3865;;
01.02.2011; ; ; ;31,3222;;
31.01.2011; ; ; ;30,7996;;
28.01.2011; ; ; ;30,6602;;
27.01.2011; ; ; ;31,1077;;
26.01.2011; ; ; ;31,0406;;
25.01.2011; ; ; ;30,8624;;
24.01.2011; ; ; ;30,892;;
21.01.2011; ; ; ;30,6648;;
20.01.2011; ; ; ;30,4891;;
19.01.2011; ; ; ;30,8123;;
18.01.2011; ; ; ;30,9836;;
14.01.2011; ; ; ;30,814;;
13.01.2011; ; ; ;30,7277;;
12.01.2011; ; ; ;30,5655;;
11.01.2011; ; ; ;30,1815;;
07.01.2011; ; ; ;30,1625;;
06.01.2011; ; ; ;30,2157;;
05.01.2011; ; ; ;30,2463;;
04.01.2011; ; ; ;30,3421;;
30.12.2010; ; ; ;30,0462;;
29.12.2010; ; ; ;30,1019;;
28.12.2010; ; ; ;30,0154;;
27.12.2010; ; ; ;29,9518;;
22.12.2010; ; ; ;29,9693;;
21.12.2010; ; ; ;29,9103;;
20.12.2010; ; ; ;29,6388;;
17.12.2010; ; ; ;29,5929;;
16.12.2010; ; ; ;29,6448;;
15.12.2010; ; ; ;29,635;;
14.12.2010; ; ; ;29,8234;;
13.12.2010; ; ; ;29,7673;;
10.12.2010; ; ; ;29,5583;;
09.12.2010; ; ; ;29,4338;;
08.12.2010; ; ; ;29,323;;
07.12.2010; ; ; ;29,3854;;
06.12.2010; ; ; ;29,277;;
03.12.2010; ; ; ;29,3339;;
02.12.2010; ; ; ;29,1039;;
01.12.2010; ; ; ;28,6158;;
30.11.2010; ; ; ;28,0688;;
29.11.2010; ; ; ;28,2404;;
26.11.2010; ; ; ;28,4609;;
24.11.2010; ; ; ;28,73;;
22.11.2010; ; ; ;28,9524;;
19.11.2010; ; ; ;29,0431;;
18.11.2010; ; ; ;29,0141;;
17.11.2010; ; ; ;28,5546;;
16.11.2010; ; ; ;28,4999;;
15.11.2010; ; ; ;29,0327;;
12.11.2010; ; ; ;29,056;;
10.11.2010; ; ; ;29,3794;;
09.11.2010; ; ; ;29,571;;
08.11.2010; ; ; ;29,6279;;
05.11.2010; ; ; ;29,6991;;
04.11.2010; ; ; ;29,6679;;
02.11.2010; ; ; ;28,968;;
29.10.2010; ; ; ;28,6927;;
28.10.2010; ; ; ;28,6719;;
27.10.2010; ; ; ;28,4956;;
26.10.2010; ; ; ;28,7252;;
25.10.2010; ; ; ;28,8634;;
22.10.2010; ; ; ;28,7061;;
21.10.2010; ; ; ;28,7518;;
20.10.2010; ; ; ;28,6791;;
19.10.2010; ; ; ;28,3716;;
18.10.2010; ; ; ;28,8183;;
15.10.2010; ; ; ;28,7151;;
14.10.2010; ; ; ;28,776;;
13.10.2010; ; ; ;28,6819;;
12.10.2010; ; ; ;28,3453;;
08.10.2010; ; ; ;28,3916;;
06.10.2010; ; ; ;28,2872;;
05.10.2010; ; ; ;28,1332;;
04.10.2010; ; ; ;27,5779;;
01.10.2010; ; ; ;27,7858;;
30.09.2010; ; ; ;27,6677;;
29.09.2010; ; ; ;27,7792;;
28.09.2010; ; ; ;27,7815;;
27.09.2010; ; ; ;27,6753;;
24.09.2010; ; ; ;27,7329;;
22.09.2010; ; ; ;27,4401;;
21.09.2010; ; ; ;27,4132;;
17.09.2010; ; ; ;27,0979;;
16.09.2010; ; ; ;27,1208;;
15.09.2010; ; ; ;27,1694;;
14.09.2010; ; ; ;27,1444;;
13.09.2010; ; ; ;27,0583;;
10.09.2010; ; ; ;26,6911;;
09.09.2010; ; ; ;26,6367;;
08.09.2010; ; ; ;26,4462;;
07.09.2010; ; ; ;26,3255;;
03.09.2010; ; ; ;26,5057;;
02.09.2010; ; ; ;26,2162;;
01.09.2010; ; ; ;26,0363;;
31.08.2010; ; ; ;25,3118;;
30.08.2010; ; ; ;25,3797;;
27.08.2010; ; ; ;25,508;;
26.08.2010; ; ; ;25,2258;;
25.08.2010; ; ; ;25,1434;;
24.08.2010; ; ; ;25,2636;;
23.08.2010; ; ; ;25,5946;;
20.08.2010; ; ; ;25,6064;;
19.08.2010; ; ; ;25,9139;;
18.08.2010; ; ; ;26,2123;;
17.08.2010; ; ; ;26,1884;;
16.08.2010; ; ; ;25,8886;;
13.08.2010; ; ; ;25,8237;;
12.08.2010; ; ; ;25,8818;;
11.08.2010; ; ; ;26,0392;;
10.08.2010; ; ; ;26,7918;;
09.08.2010; ; ; ;27,0911;;
06.08.2010; ; ; ;26,9529;;
05.08.2010; ; ; ;26,9693;;
04.08.2010; ; ; ;26,9569;;
03.08.2010; ; ; ;26,9587;;
02.08.2010; ; ; ;26,9395;;
30.07.2010; ; ; ;26,2992;;
29.07.2010; ; ; ;26,379;;
28.07.2010; ; ; ;26,4014;;
27.07.2010; ; ; ;26,4355;;
26.07.2010; ; ; ;26,4087;;
23.07.2010; ; ; ;26,1223;;
22.07.2010; ; ; ;25,9507;;
21.07.2010; ; ; ;25,442;;
20.07.2010; ; ; ;25,5602;;
16.07.2010; ; ; ;25,4765;;
15.07.2010; ; ; ;26,0195;;
14.07.2010; ; ; ;26,0187;;
13.07.2010; ; ; ;25,9236;;
12.07.2010; ; ; ;25,5127;;
09.07.2010; ; ; ;25,5143;;
08.07.2010; ; ; ;25,3587;;
07.07.2010; ; ; ;25,0515;;
06.07.2010; ; ; ;24,5759;;
02.07.2010; ; ; ;24,2263;;
01.07.2010; ; ; ;24,2123;;
30.06.2010; ; ; ;24,333;;
29.06.2010; ; ; ;24,4894;;
28.06.2010; ; ; ;25,2954;;
25.06.2010; ; ; ;25,2209;;
24.06.2010; ; ; ;25,2879;;
22.06.2010; ; ; ;25,8192;;
21.06.2010; ; ; ;26,1764;;
18.06.2010; ; ; ;26,0538;;
17.06.2010; ; ; ;25,9968;;
16.06.2010; ; ; ;25,9569;;
15.06.2010; ; ; ;25,8914;;
14.06.2010; ; ; ;25,491;;
11.06.2010; ; ; ;25,2422;;
10.06.2010; ; ; ;25,1138;;
09.06.2010; ; ; ;24,5304;;
08.06.2010; ; ; ;24,4147;;
07.06.2010; ; ; ;24,3181;;
04.06.2010; ; ; ;24,7585;;
02.06.2010; ; ; ;25,1983;;
01.06.2010; ; ; ;24,9625;;
28.05.2010; ; ; ;25,2126;;
27.05.2010; ; ; ;25,3132;;
26.05.2010; ; ; ;24,5723;;
25.05.2010; ; ; ;24,4596;;
21.05.2010; ; ; ;25,038;;
20.05.2010; ; ; ;24,8042;;
19.05.2010; ; ; ;25,5455;;
18.05.2010; ; ; ;25,9181;;
17.05.2010; ; ; ;26,0111;;
14.05.2010; ; ; ;26,188;;
12.05.2010; ; ; ;26,9991;;
11.05.2010; ; ; ;26,6703;;
10.05.2010; ; ; ;26,8637;;
07.05.2010; ; ; ;25,6076;;
06.05.2010; ; ; ;26,2003;;
30.04.2010; ; ; ;27,8674;;
28.04.2010; ; ; ;27,757;;
27.04.2010; ; ; ;27,9432;;
26.04.2010; ; ; ;28,5484;;
23.04.2010; ; ; ;28,4739;;
22.04.2010; ; ; ;28,3157;;
21.04.2010; ; ; ;28,4684;;
20.04.2010; ; ; ;28,5292;;
19.04.2010; ; ; ;28,2833;;
16.04.2010; ; ; ;28,3887;;
15.04.2010; ; ; ;28,8401;;
14.04.2010; ; ; ;28,7821;;
13.04.2010; ; ; ;28,47;;
12.04.2010; ; ; ;28,5465;;
09.04.2010; ; ; ;28,4061;;
08.04.2010; ; ; ;28,1259;;
07.04.2010; ; ; ;28,173;;
06.04.2010; ; ; ;28,2788;;
01.04.2010; ; ; ;28,1408;;
31.03.2010; ; ; ;27,8672;;
30.03.2010; ; ; ;27,8795;;
29.03.2010; ; ; ;27,867;;
26.03.2010; ; ; ;27,6751;;
25.03.2010; ; ; ;27,6345;;
24.03.2010; ; ; ;27,6006;;
23.03.2010; ; ; ;27,8435;;
19.03.2010; ; ; ;27,6079;;
18.03.2010; ; ; ;27,7457;;
17.03.2010; ; ; ;27,88;;
16.03.2010; ; ; ;27,6735;;
15.03.2010; ; ; ;27,4015;;
12.03.2010; ; ; ;27,5266;;
11.03.2010; ; ; ;27,4175;;
10.03.2010; ; ; ;27,3591;;
09.03.2010; ; ; ;27,2093;;
08.03.2010; ; ; ;27,2223;;
05.03.2010; ; ; ;27,1221;;
04.03.2010; ; ; ;26,7771;;
03.03.2010; ; ; ;26,8135;;
02.03.2010; ; ; ;26,6237;;
01.03.2010; ; ; ;26,4156;;
26.02.2010; ; ; ;26,2458;;
25.02.2010; ; ; ;26,0293;;
24.02.2010; ; ; ;26,2395;;
23.02.2010; ; ; ;26,126;;
22.02.2010; ; ; ;26,3866;;
19.02.2010; ; ; ;26,2616;;
18.02.2010; ; ; ;26,3641;;
17.02.2010; ; ; ;26,244;;
16.02.2010; ; ; ;26,032;;
12.02.2010; ; ; ;25,6234;;
10.02.2010; ; ; ;25,4842;;
09.02.2010; ; ; ;25,4702;;
08.02.2010; ; ; ;25,2721;;
05.02.2010; ; ; ;25,3355;;
04.02.2010; ; ; ;25,587;;
03.02.2010; ; ; ;26,3399;;
02.02.2010; ; ; ;26,4737;;
01.02.2010; ; ; ;26,1113;;
29.01.2010; ; ; ;25,885;;
28.01.2010; ; ; ;26,0885;;
27.01.2010; ; ; ;26,3639;;
26.01.2010; ; ; ;26,4343;;
25.01.2010; ; ; ;26,5628;;
22.01.2010; ; ; ;26,5845;;
21.01.2010; ; ; ;26,9779;;
20.01.2010; ; ; ;27,3841;;
19.01.2010; ; ; ;27,8176;;
15.01.2010; ; ; ;27,6413;;
14.01.2010; ; ; ;27,926;;
13.01.2010; ; ; ;27,7788;;
12.01.2010; ; ; ;27,7254;;
08.01.2010; ; ; ;27,7012;;
07.01.2010; ; ; ;27,5775;;
06.01.2010; ; ; ;27,5917;;
05.01.2010; ; ; ;27,5725;;
04.01.2010; ; ; ;27,4919;;
